time_s,setpoint_F,actual_F,predicted_F,valve_duty,valve_tpo
0.0,80.0000,80.0000,80.0200,0.1888,1
1.0,80.0000,80.0000,80.0308,0.2962,1
2.0,80.0000,80.0000,80.0367,0.3545,1
3.0,80.0000,80.0000,80.0398,0.3862,1
4.0,80.0000,80.0000,80.0415,0.4035,1
5.0,80.0000,80.0000,80.0424,0.4129,1
6.0,80.0000,80.0000,80.0428,0.4180,1
7.0,80.0000,80.0000,80.0430,0.4208,1
8.0,80.0000,80.0000,80.0431,0.4223,1
9.0,80.0000,80.0000,80.0431,0.4231,1
10.0,80.0000,80.0000,80.0430,0.4235,1
11.0,80.0000,80.0000,80.0430,0.4238,1
12.0,80.0000,80.0000,80.0429,0.4239,1
13.0,80.0000,80.0000,80.0428,0.4240,1
14.0,80.0000,80.0000,80.0427,0.4240,0
15.0,80.0000,80.0000,80.0426,0.4240,0
16.0,80.0000,80.0000,80.0426,0.4240,0
17.0,80.0000,80.0000,80.0425,0.4241,0
18.0,80.0000,80.0000,80.0424,0.4241,0
19.0,80.0000,80.0000,80.0423,0.4241,0
20.0,80.0000,80.0000,80.0422,0.4241,0
21.0,80.0000,80.0000,80.0421,0.4241,0
22.0,80.0000,79.9675,80.0436,0.4059,0
23.0,80.0000,79.9351,80.0471,0.3822,0
24.0,80.0000,79.9027,80.0526,0.3581,0
25.0,80.0000,79.8704,80.0600,0.3354,0
26.0,80.0000,79.8382,80.0692,0.3146,0
27.0,80.0000,79.8060,80.0800,0.2957,0
28.0,80.0000,79.7739,80.0922,0.2784,0
29.0,80.0000,79.7419,80.1057,0.2626,0
30.0,80.0000,79.7099,80.1205,0.2479,0
31.0,80.0000,79.6780,80.1364,0.2344,0
32.0,80.0000,79.6462,80.1533,0.2219,0
33.0,80.0000,79.6144,80.1712,0.2102,1
34.0,80.0000,79.5827,80.1900,0.1993,1
35.0,80.0000,79.5510,80.2095,0.1891,1
36.0,80.0000,79.5880,80.2279,0.2033,1
37.0,80.0000,79.6248,80.2440,0.2295,1
38.0,80.0000,79.6616,80.2574,0.2610,1
39.0,80.0000,79.6984,80.2679,0.2944,1
40.0,80.0000,79.7350,80.2755,0.3276,1
41.0,80.0000,79.7716,80.2804,0.3598,1
42.0,80.0000,79.8081,80.2827,0.3906,1
43.0,80.0000,79.8446,80.2825,0.4197,1
44.0,80.0000,79.8809,80.2801,0.4466,1
45.0,80.0000,79.9172,80.2755,0.4708,1
46.0,80.0000,79.9534,80.2692,0.4923,1
47.0,80.0000,79.9896,80.2612,0.5111,1
48.0,80.0000,80.0256,80.2519,0.5274,1
49.0,80.0000,80.0616,80.2414,0.5413,1
50.0,80.0000,80.0976,80.2300,0.5531,1
51.0,80.0000,80.1334,80.2177,0.5631,1
52.0,80.0000,80.1692,80.2048,0.5713,0
53.0,80.0000,80.2049,80.1913,0.5781,0
54.0,80.0000,80.2406,80.1773,0.5835,0
55.0,80.0000,80.2076,80.1651,0.5641,0
56.0,80.0000,80.1747,80.1555,0.5322,0
57.0,80.0000,80.1418,80.1492,0.4946,0
58.0,80.0000,80.1091,80.1462,0.4557,0
59.0,80.0000,80.0764,80.1465,0.4180,0
60.0,80.0000,80.0437,80.1497,0.3830,0
61.0,80.0000,80.0111,80.1555,0.3513,0
62.0,80.0000,79.9786,80.1638,0.3232,0
63.0,80.0000,79.9462,80.1741,0.2988,0
64.0,80.0000,79.9138,80.1862,0.2778,0
65.0,80.0000,79.8815,80.1998,0.2601,0
66.0,80.0000,79.8492,80.2146,0.2453,1
67.0,80.0000,79.8171,80.2304,0.2332,1
68.0,80.0000,79.7849,80.2470,0.2234,1
69.0,80.0000,79.7529,80.2642,0.2156,1
70.0,80.0000,79.7209,80.2819,0.2096,1
71.0,80.0000,79.6889,80.3000,0.2051,1
72.0,80.0000,79.6571,80.3183,0.2017,1
73.0,80.0000,79.6253,80.3367,0.1994,0
74.0,80.0000,79.6621,80.3532,0.2217,0
75.0,80.0000,79.6988,80.3668,0.2560,0
76.0,80.0000,79.7355,80.3770,0.2955,0
77.0,80.0000,79.7720,80.3837,0.3360,0
78.0,80.0000,79.8085,80.3872,0.3749,0
79.0,80.0000,79.8450,80.3875,0.4107,1
80.0,80.0000,79.8813,80.3852,0.4427,1
81.0,80.0000,79.9176,80.3804,0.4707,1
82.0,80.0000,79.9538,80.3737,0.4948,0
83.0,80.0000,79.9900,80.3651,0.5154,0
84.0,80.0000,80.0261,80.3552,0.5327,0
85.0,80.0000,80.0621,80.3440,0.5470,0
86.0,80.0000,80.0980,80.3319,0.5589,0
87.0,80.0000,80.1338,80.3189,0.5686,0
88.0,80.0000,80.1011,80.3073,0.5528,0
89.0,80.0000,80.0684,80.2982,0.5241,0
90.0,80.0000,80.0358,80.2921,0.4894,0
91.0,80.0000,80.0032,80.2891,0.4525,0
92.0,80.0000,79.9707,80.2892,0.4153,0
93.0,80.0000,79.9383,80.2925,0.3790,0
94.0,80.0000,79.9059,80.2987,0.3440,0
95.0,80.0000,79.9422,80.3057,0.3345,0
96.0,80.0000,79.9783,80.3124,0.3388,0
97.0,80.0000,80.0144,80.3180,0.3510,0
98.0,80.0000,80.0504,80.3221,0.3680,0
99.0,80.0000,80.0864,80.3245,0.3883,1
100.0,80.0000,80.1223,80.3250,0.4106,1
101.0,80.0000,80.0895,80.3254,0.4108,1
102.0,80.0000,80.0569,80.3268,0.4005,1
103.0,80.0000,80.0243,80.3294,0.3861,1
104.0,80.0000,80.0603,80.3312,0.3945,1
105.0,80.0000,80.0962,80.3313,0.4148,1
106.0,80.0000,80.1320,80.3292,0.4410,1
107.0,80.0000,80.1678,80.3247,0.4700,1
108.0,80.0000,80.2036,80.3176,0.4998,1
109.0,80.0000,80.2392,80.3080,0.5295,1
110.0,80.0000,80.2748,80.2960,0.5578,1
111.0,80.0000,80.3103,80.2818,0.5836,1
112.0,80.0000,80.3457,80.2658,0.6065,1
113.0,80.0000,80.3811,80.2481,0.6261,1
114.0,80.0000,80.4163,80.2290,0.6423,1
115.0,80.0000,80.4516,80.2089,0.6553,1
116.0,80.0000,80.4867,80.1880,0.6652,1
117.0,80.0000,80.5218,80.1665,0.6730,1
118.0,80.0000,80.5568,80.1444,0.6796,1
119.0,80.0000,80.5917,80.1219,0.6858,1
120.0,80.0000,80.6266,80.0988,0.6920,1
121.0,80.0000,80.5929,80.0773,0.6751,0
122.0,80.0000,80.5592,80.0582,0.6474,0
123.0,80.0000,80.5256,80.0418,0.6151,0
124.0,80.0000,80.4920,80.0284,0.5811,0
125.0,80.0000,80.4586,80.0179,0.5469,0
126.0,80.0000,80.4252,80.0102,0.5137,0
127.0,80.0000,80.3918,80.0052,0.4827,0
128.0,80.0000,80.3586,80.0026,0.4544,0
129.0,80.0000,80.3253,80.0022,0.4293,0
130.0,80.0000,80.2922,80.0036,0.4073,0
131.0,80.0000,80.2591,80.0066,0.3885,0
132.0,80.0000,80.2261,80.0110,0.3726,1
133.0,80.0000,80.1932,80.0164,0.3595,1
134.0,80.0000,80.1603,80.0228,0.3489,1
135.0,80.0000,80.1275,80.0299,0.3404,1
136.0,80.0000,80.0948,80.0375,0.3337,1
137.0,80.0000,80.0621,80.0455,0.3285,1
138.0,80.0000,80.0295,80.0539,0.3246,1
139.0,80.0000,79.9969,80.0625,0.3215,1
140.0,80.0000,79.9644,80.0713,0.3193,1
141.0,80.0000,79.9320,80.0802,0.3177,1
142.0,80.0000,79.8997,80.0892,0.3167,0
143.0,80.0000,79.9359,80.0962,0.3391,0
144.0,80.0000,79.9721,80.1004,0.3721,0
145.0,80.0000,80.0082,80.1015,0.4085,0
146.0,80.0000,80.0442,80.0996,0.4446,1
147.0,80.0000,80.0802,80.0948,0.4785,1
148.0,80.0000,80.1161,80.0873,0.5092,1
149.0,80.0000,80.1519,80.0776,0.5365,1
150.0,80.0000,80.1877,80.0659,0.5605,0
151.0,80.0000,80.2233,80.0524,0.5813,0
152.0,80.0000,80.2589,80.0374,0.5992,0
153.0,80.0000,80.2945,80.0211,0.6146,0
154.0,80.0000,80.2614,80.0057,0.6041,0
155.0,80.0000,80.2284,79.9924,0.5803,0
156.0,80.0000,80.1954,79.9817,0.5501,0
157.0,80.0000,80.1626,79.9738,0.5174,0
158.0,80.0000,80.1297,79.9688,0.4841,0
159.0,80.0000,80.0970,79.9665,0.4513,0
160.0,80.0000,80.0643,79.9670,0.4197,0
161.0,80.0000,80.0317,79.9700,0.3894,0
162.0,80.0000,79.9991,79.9754,0.3607,0
163.0,80.0000,79.9667,79.9832,0.3336,0
164.0,80.0000,80.0028,79.9910,0.3318,0
165.0,80.0000,80.0388,79.9979,0.3436,1
166.0,80.0000,80.0748,80.0031,0.3629,1
167.0,80.0000,80.1107,80.0063,0.3866,1
168.0,80.0000,80.0780,80.0093,0.3890,1
169.0,80.0000,80.0453,80.0128,0.3817,1
170.0,80.0000,80.0128,80.0174,0.3705,1
171.0,80.0000,79.9802,80.0229,0.3584,1
172.0,80.0000,80.0163,80.0274,0.3707,1
173.0,80.0000,80.0523,80.0298,0.3956,1
174.0,80.0000,80.0883,80.0295,0.4267,1
175.0,80.0000,80.1242,80.0263,0.4606,1
176.0,80.0000,80.1600,80.0203,0.4945,1
177.0,80.0000,80.1957,80.0115,0.5268,1
178.0,80.0000,80.2314,80.0002,0.5563,1
179.0,80.0000,80.2670,79.9868,0.5827,1
180.0,80.0000,80.3025,79.9713,0.6057,1
181.0,80.0000,80.3379,79.9543,0.6253,1
182.0,80.0000,80.3733,79.9359,0.6418,1
183.0,80.0000,80.4086,79.9163,0.6552,1
184.0,80.0000,80.4438,79.8960,0.6658,1
185.0,80.0000,80.4790,79.8749,0.6739,1
186.0,80.0000,80.5141,79.8534,0.6804,1
187.0,80.0000,80.4806,79.8334,0.6626,0
188.0,80.0000,80.4471,79.8159,0.6335,0
189.0,80.0000,80.4137,79.8013,0.6001,0
190.0,80.0000,80.3804,79.7897,0.5657,0
191.0,80.0000,80.3472,79.7810,0.5316,0
192.0,80.0000,80.3140,79.7751,0.4982,0
193.0,80.0000,80.2809,79.7720,0.4659,0
194.0,80.0000,80.2478,79.7715,0.4354,0
195.0,80.0000,80.2148,79.7734,0.4075,0
196.0,80.0000,80.1819,79.7773,0.3826,0
197.0,80.0000,80.1491,79.7831,0.3610,0
198.0,80.0000,80.1163,79.7905,0.3427,1
199.0,95.0000,80.0836,79.8270,0.0000,0
200.0,95.0000,80.0509,79.8634,0.0000,0
201.0,95.0000,80.0183,79.8997,0.0000,0
202.0,95.0000,79.9858,79.9359,0.0000,0
203.0,95.0000,79.9533,79.9721,0.0000,0
204.0,95.0000,79.9209,80.0082,0.0000,0
205.0,95.0000,79.8886,80.0443,0.0000,0
206.0,95.0000,79.8563,80.0802,0.0000,0
207.0,95.0000,79.8241,80.1161,0.0000,0
208.0,95.0000,79.7920,80.1519,0.0000,0
209.0,95.0000,79.8285,80.1877,0.0000,0
210.0,95.0000,79.8649,80.2234,0.0000,0
211.0,95.0000,79.9012,80.2590,0.0000,0
212.0,95.0000,79.9374,80.2945,0.0000,0
213.0,95.0000,79.9736,80.3300,0.0000,0
214.0,95.0000,80.0097,80.3654,0.0000,0
215.0,95.0000,80.0457,80.4007,0.0000,0
216.0,95.0000,80.0817,80.4359,0.0000,0
217.0,95.0000,80.1176,80.4711,0.0000,0
218.0,95.0000,80.1534,80.5062,0.0000,0
219.0,95.0000,80.1891,80.5412,0.0000,0
220.0,95.0000,80.1563,80.5762,0.0000,0
221.0,95.0000,80.1920,80.6111,0.0000,0
222.0,95.0000,80.2277,80.6459,0.0000,0
223.0,95.0000,80.2633,80.6807,0.0000,0
224.0,95.0000,80.2988,80.7154,0.0000,0
225.0,95.0000,80.3343,80.7500,0.0000,0
226.0,95.0000,80.3696,80.7846,0.0000,0
227.0,95.0000,80.4049,80.8190,0.0000,0
228.0,95.0000,80.4402,80.8535,0.0000,0
229.0,95.0000,80.4754,80.8878,0.0000,0
230.0,95.0000,80.5105,80.9221,0.0000,0
231.0,95.0000,80.5455,80.9563,0.0000,0
232.0,95.0000,80.5804,80.9904,0.0000,0
233.0,95.0000,80.6153,81.0245,0.0000,0
234.0,95.0000,80.6502,81.0585,0.0000,0
235.0,95.0000,80.6849,81.0924,0.0000,0
236.0,95.0000,80.7196,81.1263,0.0000,0
237.0,95.0000,80.7542,81.1601,0.0000,0
238.0,95.0000,80.7887,81.1938,0.0000,0
239.0,95.0000,80.8232,81.2275,0.0000,0
240.0,95.0000,80.8576,81.2611,0.0000,0
241.0,95.0000,80.8920,81.2946,0.0000,0
242.0,95.0000,80.9262,81.3281,0.0000,0
243.0,95.0000,80.9604,81.3615,0.0000,0
244.0,95.0000,80.9946,81.3948,0.0000,0
245.0,95.0000,81.0286,81.4281,0.0000,0
246.0,95.0000,81.0626,81.4613,0.0000,0
247.0,95.0000,81.0965,81.4944,0.0000,0
248.0,95.0000,81.1304,81.5274,0.0000,0
249.0,95.0000,81.1642,81.5604,0.0000,0
250.0,95.0000,81.1979,81.5934,0.0000,0
251.0,95.0000,81.2316,81.6262,0.0000,0
252.0,95.0000,81.2652,81.6590,0.0000,0
253.0,95.0000,81.2987,81.6918,0.0000,0
254.0,95.0000,81.3321,81.7244,0.0000,0
255.0,95.0000,81.3655,81.7570,0.0000,0
256.0,95.0000,81.3988,81.7896,0.0000,0
257.0,95.0000,81.4321,81.8221,0.0000,0
258.0,95.0000,81.4653,81.8545,0.0000,0
259.0,95.0000,81.4984,81.8868,0.0000,0
260.0,95.0000,81.5314,81.9191,0.0000,0
261.0,95.0000,81.5644,81.9513,0.0000,0
262.0,95.0000,81.5974,81.9834,0.0000,0
263.0,95.0000,81.6302,82.0155,0.0000,0
264.0,95.0000,81.6630,82.0475,0.0000,0
265.0,95.0000,81.6957,82.0795,0.0000,0
266.0,95.0000,81.7284,82.1114,0.0000,0
267.0,95.0000,81.7610,82.1432,0.0000,0
268.0,95.0000,81.7935,82.1750,0.0000,0
269.0,95.0000,81.8260,82.2067,0.0000,0
270.0,95.0000,81.8584,82.2383,0.0000,0
271.0,95.0000,81.8907,82.2699,0.0000,0
272.0,95.0000,81.9230,82.3014,0.0000,0
273.0,95.0000,81.9552,82.3329,0.0000,0
274.0,95.0000,81.9873,82.3642,0.0000,0
275.0,95.0000,82.0194,82.3956,0.0000,0
276.0,95.0000,82.0514,82.4268,0.0000,0
277.0,95.0000,82.0834,82.4580,0.0000,0
278.0,95.0000,82.1153,82.4892,0.0000,0
279.0,95.0000,82.1471,82.5202,0.0000,0
280.0,95.0000,82.1788,82.5512,0.0000,0
281.0,95.0000,82.2105,82.5822,0.0000,0
282.0,95.0000,82.2422,82.6131,0.0000,0
283.0,95.0000,82.2737,82.6439,0.0000,0
284.0,95.0000,82.3052,82.6747,0.0000,0
285.0,95.0000,82.3367,82.7054,0.0000,0
286.0,95.0000,82.3680,82.7360,0.0000,0
287.0,95.0000,82.3994,82.7666,0.0000,0
288.0,95.0000,82.4306,82.7971,0.0000,0
289.0,95.0000,82.4618,82.8276,0.0000,0
290.0,95.0000,82.4929,82.8580,0.0000,0
291.0,95.0000,82.5240,82.8883,0.0000,0
292.0,95.0000,82.5550,82.9186,0.0000,0
293.0,95.0000,82.5859,82.9488,0.0000,0
294.0,95.0000,82.6168,82.9789,0.0000,0
295.0,95.0000,82.6476,83.0090,0.0000,0
296.0,95.0000,82.6784,83.0391,0.0000,0
297.0,95.0000,82.7091,83.0690,0.0000,0
298.0,95.0000,82.7397,83.0990,0.0000,0
299.0,95.0000,82.7703,83.1288,0.0000,0
300.0,95.0000,82.8008,83.1586,0.0000,0
301.0,95.0000,82.8313,83.1883,0.0000,0
302.0,95.0000,82.8616,83.2180,0.0000,0
303.0,95.0000,82.8920,83.2476,0.0000,0
304.0,95.0000,82.9222,83.2772,0.0000,0
305.0,95.0000,82.9524,83.3067,0.0000,0
306.0,95.0000,82.9826,83.3361,0.0000,0
307.0,95.0000,83.0127,83.3655,0.0000,0
308.0,95.0000,83.0427,83.3948,0.0000,0
309.0,95.0000,83.0727,83.4241,0.0000,0
310.0,95.0000,83.1026,83.4533,0.0000,0
311.0,95.0000,83.1324,83.4824,0.0000,0
312.0,95.0000,83.1622,83.5115,0.0000,0
313.0,95.0000,83.1919,83.5405,0.0000,0
314.0,95.0000,83.2216,83.5695,0.0000,0
315.0,95.0000,83.2512,83.5984,0.0000,0
316.0,95.0000,83.2808,83.6273,0.0000,0
317.0,95.0000,83.3102,83.6561,0.0000,0
318.0,95.0000,83.3397,83.6848,0.0000,0
319.0,95.0000,83.3691,83.7135,0.0000,0
320.0,95.0000,83.3984,83.7421,0.0000,0
321.0,95.0000,83.4276,83.7707,0.0000,0
322.0,95.0000,83.4568,83.7992,0.0000,0
323.0,95.0000,83.4860,83.8277,0.0000,0
324.0,95.0000,83.5150,83.8561,0.0000,0
325.0,95.0000,83.5441,83.8844,0.0000,0
326.0,95.0000,83.5730,83.9127,0.0000,0
327.0,95.0000,83.6019,83.9409,0.0000,0
328.0,95.0000,83.6308,83.9691,0.0000,0
329.0,95.0000,83.6596,83.9972,0.0000,0
330.0,95.0000,83.6883,84.0252,0.0000,0
331.0,95.0000,83.7170,84.0532,0.0000,0
332.0,95.0000,83.7456,84.0812,0.0000,0
333.0,95.0000,83.7741,84.1091,0.0000,0
334.0,95.0000,83.8027,84.1369,0.0000,0
335.0,95.0000,83.8311,84.1647,0.0000,0
336.0,95.0000,83.8595,84.1924,0.0000,0
337.0,95.0000,83.8878,84.2201,0.0000,0
338.0,95.0000,83.9161,84.2477,0.0000,0
339.0,95.0000,83.9443,84.2752,0.0000,0
340.0,95.0000,83.9725,84.3027,0.0000,0
341.0,95.0000,84.0006,84.3302,0.0000,0
342.0,95.0000,84.0286,84.3576,0.0000,0
343.0,95.0000,84.0566,84.3849,0.0000,0
344.0,95.0000,84.0846,84.4122,0.0000,0
345.0,95.0000,84.1124,84.4394,0.0000,0
346.0,95.0000,84.1403,84.4666,0.0000,0
347.0,95.0000,84.1680,84.4937,0.0000,0
348.0,95.0000,84.1958,84.5208,0.0000,0
349.0,95.0000,84.2234,84.5478,0.0000,0
350.0,95.0000,84.2510,84.5747,0.0000,0
351.0,95.0000,84.2786,84.6017,0.0000,0
352.0,95.0000,84.3061,84.6285,0.0000,0
353.0,95.0000,84.3335,84.6553,0.0000,0
354.0,95.0000,84.3609,84.6820,0.0000,0
355.0,95.0000,84.3882,84.7087,0.0000,0
356.0,95.0000,84.4155,84.7354,0.0000,0
357.0,95.0000,84.4427,84.7619,0.0000,0
358.0,95.0000,84.4699,84.7885,0.0000,0
359.0,95.0000,84.4970,84.8149,0.0000,0
360.0,95.0000,84.5241,84.8414,0.0000,0
361.0,95.0000,84.5511,84.8677,0.0000,0
362.0,95.0000,84.5780,84.8940,0.0000,0
363.0,95.0000,84.6049,84.9203,0.0000,0
364.0,95.0000,84.6317,84.9465,0.0000,0
365.0,95.0000,84.6585,84.9727,0.0000,0
366.0,95.0000,84.6853,84.9988,0.0000,0
367.0,95.0000,84.7120,85.0248,0.0000,0
368.0,95.0000,84.7386,85.0508,0.0000,0
369.0,95.0000,84.7652,85.0768,0.0000,0
370.0,95.0000,84.7917,85.1027,0.0000,0
371.0,95.0000,84.8181,85.1285,0.0000,0
372.0,95.0000,84.8446,85.1543,0.0000,0
373.0,95.0000,84.8709,85.1801,0.0000,0
374.0,95.0000,84.8972,85.2058,0.0000,0
375.0,95.0000,84.9235,85.2314,0.0000,0
376.0,95.0000,84.9497,85.2570,0.0000,0
377.0,95.0000,84.9758,85.2825,0.0000,0
378.0,95.0000,85.0019,85.3080,0.0000,0
379.0,95.0000,85.0280,85.3335,0.0000,0
380.0,95.0000,85.0540,85.3588,0.0000,0
381.0,95.0000,85.0799,85.3842,0.0000,0
382.0,95.0000,85.1058,85.4095,0.0000,0
383.0,95.0000,85.1317,85.4347,0.0000,0
384.0,95.0000,85.1575,85.4599,0.0000,0
385.0,95.0000,85.1832,85.4850,0.0000,0
386.0,95.0000,85.2089,85.5101,0.0000,0
387.0,95.0000,85.2345,85.5351,0.0000,0
388.0,95.0000,85.2601,85.5601,0.0000,0
389.0,95.0000,85.2856,85.5850,0.0000,0
390.0,95.0000,85.3111,85.6099,0.0000,0
391.0,95.0000,85.3365,85.6347,0.0000,0
392.0,95.0000,85.3619,85.6595,0.0000,0
393.0,95.0000,85.3872,85.6843,0.0000,0
394.0,95.0000,85.4125,85.7089,0.0000,0
395.0,95.0000,85.4377,85.7336,0.0000,0
396.0,95.0000,85.4629,85.7582,0.0000,0
397.0,95.0000,85.4880,85.7827,0.0000,0
398.0,95.0000,85.5131,85.8072,0.0000,0
399.0,95.0000,85.5382,85.8316,0.0000,0
400.0,95.0000,85.5631,85.8560,0.0000,0
401.0,95.0000,85.5881,85.8804,0.0000,0
402.0,95.0000,85.6129,85.9046,0.0000,0
403.0,95.0000,85.6378,85.9289,0.0000,0
404.0,95.0000,85.6625,85.9531,0.0000,0
405.0,95.0000,85.6873,85.9772,0.0000,0
406.0,95.0000,85.7119,86.0013,0.0000,0
407.0,95.0000,85.7366,86.0254,0.0000,0
408.0,95.0000,85.7611,86.0494,0.0000,0
409.0,95.0000,85.7857,86.0733,0.0000,0
410.0,95.0000,85.8102,86.0972,0.0000,0
411.0,95.0000,85.8346,86.1211,0.0000,0
412.0,95.0000,85.8590,86.1449,0.0000,0
413.0,95.0000,85.8833,86.1687,0.0000,0
414.0,95.0000,85.9076,86.1924,0.0000,0
415.0,95.0000,85.9318,86.2160,0.0000,0
416.0,95.0000,85.9560,86.2397,0.0000,0
417.0,95.0000,85.9801,86.2632,0.0000,0
418.0,95.0000,86.0042,86.2868,0.0000,0
419.0,95.0000,86.0283,86.3102,0.0000,0
420.0,95.0000,86.0523,86.3337,0.0000,0
421.0,95.0000,86.0762,86.3571,0.0000,0
422.0,95.0000,86.1001,86.3804,0.0000,0
423.0,95.0000,86.1240,86.4037,0.0000,0
424.0,95.0000,86.1478,86.4269,0.0000,0
425.0,95.0000,86.1715,86.4501,0.0000,0
426.0,95.0000,86.1952,86.4733,0.0000,0
427.0,95.0000,86.2189,86.4964,0.0000,0
428.0,95.0000,86.2425,86.5194,0.0000,0
429.0,95.0000,86.2661,86.5425,0.0000,0
430.0,95.0000,86.2896,86.5654,0.0000,0
431.0,95.0000,86.3131,86.5883,0.0000,0
432.0,95.0000,86.3365,86.6112,0.0000,0
433.0,95.0000,86.3599,86.6341,0.0000,0
434.0,95.0000,86.3832,86.6568,0.0000,0
435.0,95.0000,86.4065,86.6796,0.0000,0
436.0,95.0000,86.4297,86.7023,0.0000,0
437.0,95.0000,86.4529,86.7249,0.0000,0
438.0,95.0000,86.4761,86.7475,0.0000,0
439.0,95.0000,86.4992,86.7701,0.0000,0
440.0,95.0000,86.5222,86.7926,0.0000,0
441.0,95.0000,86.5452,86.8151,0.0000,0
442.0,95.0000,86.5682,86.8375,0.0000,0
443.0,95.0000,86.5911,86.8599,0.0000,0
444.0,95.0000,86.6140,86.8822,0.0000,0
445.0,95.0000,86.6368,86.9045,0.0000,0
446.0,95.0000,86.6596,86.9267,0.0000,0
447.0,95.0000,86.6823,86.9489,0.0000,0
448.0,95.0000,86.7050,86.9711,0.0000,0
449.0,95.0000,86.7277,86.9932,0.0000,0
450.0,95.0000,86.7503,87.0152,0.0000,0
451.0,95.0000,86.7728,87.0373,0.0000,0
452.0,95.0000,86.7953,87.0592,0.0000,0
453.0,95.0000,86.8178,87.0812,0.0000,0
454.0,95.0000,86.8402,87.1031,0.0000,0
455.0,95.0000,86.8626,87.1249,0.0000,0
456.0,95.0000,86.8849,87.1467,0.0000,0
457.0,95.0000,86.9072,87.1685,0.0000,0
458.0,95.0000,86.9294,87.1902,0.0000,0
459.0,95.0000,86.9516,87.2119,0.0000,0
460.0,95.0000,86.9737,87.2335,0.0000,0
461.0,95.0000,86.9959,87.2551,0.0000,0
462.0,95.0000,87.0179,87.2766,0.0000,0
463.0,95.0000,87.0399,87.2981,0.0000,0
464.0,95.0000,87.0619,87.3196,0.0000,0
465.0,95.0000,87.0838,87.3410,0.0000,0
466.0,95.0000,87.1057,87.3624,0.0000,0
467.0,95.0000,87.1276,87.3837,0.0000,0
468.0,95.0000,87.1494,87.4050,0.0000,0
469.0,95.0000,87.1711,87.4262,0.0000,0
470.0,95.0000,87.1928,87.4474,0.0000,0
471.0,95.0000,87.2145,87.4686,0.0000,0
472.0,95.0000,87.2361,87.4897,0.0000,0
473.0,95.0000,87.2577,87.5108,0.0000,0
474.0,95.0000,87.2792,87.5318,0.0000,0
475.0,95.0000,87.3007,87.5528,0.0000,0
476.0,95.0000,87.3222,87.5737,0.0000,0
477.0,95.0000,87.3436,87.5946,0.0000,0
478.0,95.0000,87.3649,87.6155,0.0000,0
479.0,95.0000,87.3863,87.6363,0.0000,0
480.0,95.0000,87.4075,87.6571,0.0000,0
481.0,95.0000,87.4288,87.6778,0.0000,0
482.0,95.0000,87.4500,87.6985,0.0000,0
483.0,95.0000,87.4711,87.7192,0.0000,0
484.0,95.0000,87.4922,87.7398,0.0000,0
485.0,95.0000,87.5133,87.7604,0.0000,0
486.0,95.0000,87.5343,87.7809,0.0000,0
487.0,95.0000,87.5553,87.8014,0.0000,0
488.0,95.0000,87.5763,87.8218,0.0000,0
489.0,95.0000,87.5972,87.8422,0.0000,0
490.0,95.0000,87.6180,87.8626,0.0000,0
491.0,95.0000,87.6388,87.8829,0.0000,0
492.0,95.0000,87.6596,87.9032,0.0000,0
493.0,95.0000,87.6803,87.9235,0.0000,0
494.0,95.0000,87.7010,87.9437,0.0000,0
495.0,95.0000,87.7217,87.9638,0.0000,0
496.0,95.0000,87.7423,87.9840,0.0000,0
497.0,95.0000,87.7629,88.0040,0.0000,0
498.0,95.0000,87.7834,88.0241,0.0000,0
499.0,95.0000,87.8039,88.0441,0.0000,0
500.0,95.0000,87.8243,88.0641,0.0000,0
501.0,95.0000,87.8447,88.0840,0.0000,0
502.0,95.0000,87.8651,88.1039,0.0000,0
503.0,95.0000,87.8854,88.1237,0.0000,0
504.0,95.0000,87.9057,88.1435,0.0000,0
505.0,95.0000,87.9259,88.1633,0.0000,0
506.0,95.0000,87.9461,88.1830,0.0000,0
507.0,95.0000,87.9663,88.2027,0.0000,0
508.0,95.0000,87.9864,88.2223,0.0000,0
509.0,95.0000,88.0065,88.2419,0.0000,0
510.0,95.0000,88.0265,88.2615,0.0000,0
511.0,95.0000,88.0465,88.2810,0.0000,0
512.0,95.0000,88.0665,88.3005,0.0000,0
513.0,95.0000,88.0864,88.3200,0.0000,0
514.0,95.0000,88.1063,88.3394,0.0000,0
515.0,95.0000,88.1261,88.3588,0.0000,0
516.0,95.0000,88.1459,88.3781,0.0000,0
517.0,95.0000,88.1657,88.3974,0.0000,0
518.0,95.0000,88.1854,88.4167,0.0000,0
519.0,95.0000,88.2051,88.4359,0.0000,0
520.0,95.0000,88.2247,88.4551,0.0000,0
521.0,95.0000,88.2443,88.4742,0.0000,0
522.0,95.0000,88.2639,88.4933,0.0000,0
523.0,95.0000,88.2834,88.5124,0.0000,0
524.0,95.0000,88.3029,88.5314,0.0000,0
525.0,95.0000,88.3223,88.5504,0.0000,0
526.0,95.0000,88.3417,88.5693,0.0000,0
527.0,95.0000,88.3611,88.5883,0.0000,0
528.0,95.0000,88.3804,88.6071,0.0000,0
529.0,95.0000,88.3997,88.6260,0.0000,0
530.0,95.0000,88.4190,88.6448,0.0000,0
531.0,95.0000,88.4382,88.6635,0.0000,0
532.0,95.0000,88.4574,88.6823,0.0000,0
533.0,95.0000,88.4765,88.7009,0.0000,0
534.0,95.0000,88.4956,88.7196,0.0000,0
535.0,95.0000,88.5147,88.7382,0.0000,0
536.0,95.0000,88.5337,88.7568,0.0000,0
537.0,95.0000,88.5527,88.7753,0.0000,0
538.0,95.0000,88.5716,88.7938,0.0000,0
539.0,95.0000,88.5905,88.8123,0.0000,0
540.0,95.0000,88.6094,88.8307,0.0000,0
541.0,95.0000,88.6282,88.8491,0.0000,0
542.0,95.0000,88.6470,88.8675,0.0000,0
543.0,95.0000,88.6658,88.8858,0.0000,0
544.0,95.0000,88.6845,88.9041,0.0000,0
545.0,95.0000,88.7032,88.9223,0.0000,0
546.0,95.0000,88.7219,88.9405,0.0000,0
547.0,95.0000,88.7405,88.9587,0.0000,0
548.0,95.0000,88.7590,88.9768,0.0000,0
549.0,95.0000,88.7776,88.9949,0.0000,0
550.0,95.0000,88.7961,89.0130,0.0000,0
551.0,95.0000,88.8145,89.0310,0.0000,0
552.0,95.0000,88.8329,89.0490,0.0000,0
553.0,95.0000,88.8513,89.0670,0.0000,0
554.0,95.0000,88.8697,89.0849,0.0000,0
555.0,95.0000,88.8880,89.1028,0.0000,0
556.0,95.0000,88.9063,89.1206,0.0000,0
557.0,95.0000,88.9245,89.1384,0.0000,0
558.0,95.0000,88.9427,89.1562,0.0000,0
559.0,95.0000,88.9609,89.1739,0.0000,0
560.0,95.0000,88.9790,89.1916,0.0000,0
561.0,95.0000,88.9971,89.2093,0.0000,0
562.0,95.0000,89.0152,89.2269,0.0000,0
563.0,95.0000,89.0332,89.2445,0.0000,0
564.0,95.0000,89.0512,89.2621,0.0000,0
565.0,95.0000,89.0691,89.2796,0.0000,0
566.0,95.0000,89.0870,89.2971,0.0000,0
567.0,95.0000,89.1049,89.3146,0.0000,0
568.0,95.0000,89.1228,89.3320,0.0000,0
569.0,95.0000,89.1406,89.3494,0.0000,0
570.0,95.0000,89.1583,89.3667,0.0000,0
571.0,95.0000,89.1761,89.3841,0.0000,0
572.0,95.0000,89.1938,89.4013,0.0000,0
573.0,95.0000,89.2114,89.4186,0.0000,0
574.0,95.0000,89.2291,89.4358,0.0000,0
575.0,95.0000,89.2467,89.4530,0.0000,0
576.0,95.0000,89.2642,89.4701,0.0000,0
577.0,95.0000,89.2817,89.4873,0.0000,0
578.0,95.0000,89.2992,89.5043,0.0000,0
579.0,95.0000,89.3167,89.5214,0.0000,0
580.0,95.0000,89.3341,89.5384,0.0000,0
581.0,95.0000,89.3515,89.5554,0.0000,0
582.0,95.0000,89.3688,89.5723,0.0000,0
583.0,95.0000,89.3862,89.5892,0.0000,0
584.0,95.0000,89.4034,89.6061,0.0000,0
585.0,95.0000,89.4207,89.6229,0.0000,0
586.0,95.0000,89.4379,89.6397,0.0000,0
587.0,95.0000,89.4551,89.6565,0.0000,0
588.0,95.0000,89.4722,89.6732,0.0000,0
589.0,95.0000,89.4893,89.6899,0.0000,0
590.0,95.0000,89.5064,89.7066,0.0000,0
591.0,95.0000,89.5234,89.7233,0.0000,0
592.0,95.0000,89.5404,89.7399,0.0000,0
593.0,95.0000,89.5574,89.7564,0.0000,0
594.0,95.0000,89.5743,89.7730,0.0000,0
595.0,95.0000,89.5913,89.7895,0.0000,0
596.0,95.0000,89.6081,89.8060,0.0000,0
597.0,95.0000,89.6250,89.8224,0.0000,0
598.0,95.0000,89.6418,89.8388,0.0000,0
599.0,95.0000,89.6585,89.8552,0.0000,0
600.0,95.0000,89.6753,89.8715,0.0000,0
601.0,95.0000,89.6920,89.8878,0.0000,0
602.0,95.0000,89.7086,89.9041,0.0000,0
603.0,95.0000,89.7253,89.9204,0.0000,0
604.0,95.0000,89.7419,89.9366,0.0000,0
605.0,95.0000,89.7584,89.9527,0.0000,0
606.0,95.0000,89.7750,89.9689,0.0000,0
607.0,95.0000,89.7915,89.9850,0.0000,0
608.0,95.0000,89.8080,90.0011,0.0000,0
609.0,95.0000,89.8244,90.0171,0.0000,0
610.0,95.0000,89.8408,90.0332,0.0000,0
611.0,95.0000,89.8572,90.0491,0.0000,0
612.0,95.0000,89.8735,90.0651,0.0000,0
613.0,95.0000,89.8898,90.0810,0.0000,0
614.0,95.0000,89.9061,90.0969,0.0000,0
615.0,95.0000,89.9223,90.1128,0.0000,0
616.0,95.0000,89.9385,90.1286,0.0000,0
617.0,95.0000,89.9547,90.1444,0.0000,0
618.0,95.0000,89.9708,90.1602,0.0000,0
619.0,95.0000,89.9870,90.1759,0.0000,0
620.0,95.0000,90.0030,90.1916,0.0000,0
621.0,95.0000,90.0191,90.2073,0.0000,0
622.0,95.0000,90.0351,90.2229,0.0000,0
623.0,95.0000,90.0511,90.2385,0.0000,0
624.0,95.0000,90.0670,90.2541,0.0000,0
625.0,95.0000,90.0829,90.2696,0.0000,0
626.0,95.0000,90.0988,90.2851,0.0000,0
627.0,95.0000,90.1147,90.3006,0.0000,0
628.0,95.0000,90.1305,90.3161,0.0000,0
629.0,95.0000,90.1463,90.3315,0.0000,0
630.0,95.0000,90.1621,90.3469,0.0000,0
631.0,95.0000,90.1778,90.3622,0.0000,0
632.0,95.0000,90.1935,90.3776,0.0000,0
633.0,95.0000,90.2092,90.3929,0.0000,0
634.0,95.0000,90.2248,90.4081,0.0000,0
635.0,95.0000,90.2404,90.4234,0.0000,0
636.0,95.0000,90.2560,90.4386,0.0000,0
637.0,95.0000,90.2715,90.4538,0.0000,0
638.0,95.0000,90.2870,90.4689,0.0000,0
639.0,95.0000,90.3025,90.4840,0.0000,0
640.0,95.0000,90.3179,90.4991,0.0000,0
641.0,95.0000,90.3334,90.5141,0.0000,0
642.0,95.0000,90.3487,90.5292,0.0000,0
643.0,95.0000,90.3641,90.5442,0.0000,0
644.0,95.0000,90.3794,90.5591,0.0000,0
645.0,95.0000,90.3947,90.5741,0.0000,0
646.0,95.0000,90.4100,90.5890,0.0000,0
647.0,95.0000,90.4252,90.6038,0.0000,0
648.0,95.0000,90.4404,90.6187,0.0000,0
649.0,95.0000,90.4556,90.6335,0.0000,0
650.0,95.0000,90.4707,90.6483,0.0000,0
651.0,95.0000,90.4858,90.6630,0.0000,0
652.0,95.0000,90.5009,90.6778,0.0000,0
653.0,95.0000,90.5160,90.6925,0.0000,0
654.0,95.0000,90.5310,90.7071,0.0000,0
655.0,95.0000,90.5460,90.7218,0.0000,0
656.0,95.0000,90.5609,90.7364,0.0000,0
657.0,95.0000,90.5759,90.7510,0.0000,0
658.0,95.0000,90.5908,90.7655,0.0000,0
659.0,95.0000,90.6056,90.7800,0.0000,0
660.0,95.0000,90.6205,90.7945,0.0000,0
661.0,95.0000,90.6353,90.8090,0.0000,0
662.0,95.0000,90.6501,90.8234,0.0000,0
663.0,95.0000,90.6648,90.8378,0.0000,0
664.0,95.0000,90.6796,90.8522,0.0000,0
665.0,95.0000,90.6942,90.8666,0.0000,0
666.0,95.0000,90.7089,90.8809,0.0000,0
667.0,95.0000,90.7235,90.8952,0.0000,0
668.0,95.0000,90.7382,90.9094,0.0000,0
669.0,95.0000,90.7527,90.9237,0.0000,0
670.0,95.0000,90.7673,90.9379,0.0000,0
671.0,95.0000,90.7818,90.9520,0.0000,0
672.0,95.0000,90.7963,90.9662,0.0000,0
673.0,95.0000,90.8107,90.9803,0.0000,0
674.0,95.0000,90.8252,90.9944,0.0000,0
675.0,95.0000,90.8396,91.0085,0.0000,0
676.0,95.0000,90.8540,91.0225,0.0000,0
677.0,95.0000,90.8683,91.0365,0.0000,0
678.0,95.0000,90.8826,91.0505,0.0000,0
679.0,95.0000,90.8969,91.0644,0.0000,0
680.0,95.0000,90.9112,91.0784,0.0000,0
681.0,95.0000,90.9254,91.0923,0.0000,0
682.0,95.0000,90.9396,91.1061,0.0000,0
683.0,95.0000,90.9538,91.1200,0.0000,0
684.0,95.0000,90.9679,91.1338,0.0000,0
685.0,95.0000,90.9820,91.1476,0.0000,0
686.0,95.0000,90.9961,91.1613,0.0000,0
687.0,95.0000,91.0102,91.1751,0.0000,0
688.0,95.0000,91.0242,91.1888,0.0000,0
689.0,95.0000,91.0382,91.2024,0.0000,0
690.0,95.0000,91.0522,91.2161,0.0000,0
691.0,95.0000,91.0661,91.2297,0.0000,0
692.0,95.0000,91.0801,91.2433,0.0000,0
693.0,95.0000,91.0940,91.2569,0.0000,0
694.0,95.0000,91.1078,91.2704,0.0000,0
695.0,95.0000,91.1217,91.2839,0.0000,0
696.0,95.0000,91.1355,91.2974,0.0000,0
697.0,95.0000,91.1492,91.3109,0.0000,0
698.0,95.0000,91.1630,91.3243,0.0000,0
699.0,95.0000,91.1767,91.3377,0.0000,0
700.0,95.0000,91.1904,91.3511,0.0000,0
701.0,95.0000,91.2041,91.3644,0.0000,0
702.0,95.0000,91.2177,91.3778,0.0000,0
703.0,95.0000,91.2314,91.3910,0.0000,0
704.0,95.0000,91.2449,91.4043,0.0000,0
705.0,95.0000,91.2585,91.4176,0.0000,0
706.0,95.0000,91.2720,91.4308,0.0000,0
707.0,95.0000,91.2856,91.4440,0.0000,0
708.0,95.0000,91.2990,91.4571,0.0000,0
709.0,95.0000,91.3125,91.4703,0.0000,0
710.0,95.0000,91.3259,91.4834,0.0000,0
711.0,95.0000,91.3393,91.4965,0.0000,0
712.0,95.0000,91.3527,91.5095,0.0000,0
713.0,95.0000,91.3660,91.5226,0.0000,0
714.0,95.0000,91.3794,91.5356,0.0000,0
715.0,95.0000,91.3927,91.5486,0.0000,0
716.0,95.0000,91.4059,91.5615,0.0000,0
717.0,95.0000,91.4192,91.5744,0.0000,0
718.0,95.0000,91.4324,91.5873,0.0000,0
719.0,95.0000,91.4456,91.6002,0.0000,0
720.0,95.0000,91.4587,91.6131,0.0000,0
721.0,95.0000,91.4719,91.6259,0.0000,0
722.0,95.0000,91.4850,91.6387,0.0000,0
723.0,95.0000,91.4981,91.6515,0.0000,0
724.0,95.0000,91.5111,91.6642,0.0000,0
725.0,95.0000,91.5241,91.6770,0.0000,0
726.0,95.0000,91.5371,91.6897,0.0000,0
727.0,95.0000,91.5501,91.7023,0.0000,0
728.0,95.0000,91.5631,91.7150,0.0000,0
729.0,95.0000,91.5760,91.7276,0.0000,0
730.0,95.0000,91.5889,91.7402,0.0000,0
731.0,95.0000,91.6018,91.7528,0.0000,0
732.0,95.0000,91.6146,91.7653,0.0000,0
733.0,95.0000,91.6275,91.7778,0.0000,0
734.0,95.0000,91.6403,91.7903,0.0000,0
735.0,95.0000,91.6530,91.8028,0.0000,0
736.0,95.0000,91.6658,91.8153,0.0000,0
737.0,95.0000,91.6785,91.8277,0.0000,0
738.0,95.0000,91.6912,91.8401,0.0000,0
739.0,95.0000,91.7039,91.8524,0.0000,0
740.0,95.0000,91.7165,91.8648,0.0000,0
741.0,95.0000,91.7291,91.8771,0.0000,0
742.0,95.0000,91.7417,91.8894,0.0000,0
743.0,95.0000,91.7543,91.9017,0.0000,0
744.0,95.0000,91.7668,91.9139,0.0000,0
745.0,95.0000,91.7794,91.9262,0.0000,0
746.0,95.0000,91.7918,91.9384,0.0000,0
747.0,95.0000,91.8043,91.9505,0.0000,0
748.0,95.0000,91.8168,91.9627,0.0000,0
749.0,95.0000,91.8292,91.9748,0.0000,0
750.0,95.0000,91.8416,91.9869,0.0000,0
751.0,95.0000,91.8539,91.9990,0.0000,0
752.0,95.0000,91.8663,92.0111,0.0000,0
753.0,95.0000,91.8786,92.0231,0.0000,0
754.0,95.0000,91.8909,92.0351,0.0000,0
755.0,95.0000,91.9032,92.0471,0.0000,0
756.0,95.0000,91.9154,92.0590,0.0000,0
757.0,95.0000,91.9276,92.0710,0.0000,0
758.0,95.0000,91.9398,92.0829,0.0000,0
759.0,95.0000,91.9520,92.0948,0.0000,0
760.0,95.0000,91.9642,92.1066,0.0000,0
761.0,95.0000,91.9763,92.1185,0.0000,0
762.0,95.0000,91.9884,92.1303,0.0000,0
763.0,95.0000,92.0005,92.1421,0.0000,0
764.0,95.0000,92.0125,92.1538,0.0000,0
765.0,95.0000,92.0245,92.1656,0.0000,0
766.0,95.0000,92.0365,92.1773,0.0000,0
767.0,95.0000,92.0485,92.1890,0.0000,0
768.0,95.0000,92.0605,92.2007,0.0000,0
769.0,95.0000,92.0724,92.2123,0.0000,0
770.0,95.0000,92.0843,92.2240,0.0000,0
771.0,95.0000,92.0962,92.2356,0.0000,0
772.0,95.0000,92.1081,92.2472,0.0000,0
773.0,95.0000,92.1199,92.2587,0.0000,0
774.0,95.0000,92.1317,92.2702,0.0000,0
775.0,95.0000,92.1435,92.2818,0.0000,0
776.0,95.0000,92.1553,92.2933,0.0000,0
777.0,95.0000,92.1670,92.3047,0.0000,0
778.0,95.0000,92.1787,92.3162,0.0000,0
779.0,95.0000,92.1904,92.3276,0.0000,0
780.0,95.0000,92.2021,92.3390,0.0000,0
781.0,95.0000,92.2138,92.3504,0.0000,0
782.0,95.0000,92.2254,92.3617,0.0000,0
783.0,95.0000,92.2370,92.3730,0.0000,0
784.0,95.0000,92.2486,92.3843,0.0000,0
785.0,95.0000,92.2601,92.3956,0.0000,0
786.0,95.0000,92.2716,92.4069,0.0000,0
787.0,95.0000,92.2832,92.4181,0.0000,0
788.0,95.0000,92.2946,92.4293,0.0000,0
789.0,95.0000,92.3061,92.4405,0.0000,0
790.0,95.0000,92.3175,92.4517,0.0000,0
791.0,95.0000,92.3290,92.4629,0.0000,0
792.0,95.0000,92.3404,92.4740,0.0000,0
793.0,95.0000,92.3517,92.4851,0.0000,0
794.0,95.0000,92.3631,92.4962,0.0000,0
795.0,95.0000,92.3744,92.5072,0.0000,0
796.0,95.0000,92.3857,92.5183,0.0000,0
797.0,95.0000,92.3970,92.5293,0.0000,0
798.0,95.0000,92.4083,92.5403,0.0000,0
799.0,95.0000,95.4195,92.5513,0.0000,0
800.0,95.0000,95.4307,92.5622,0.0000,0
801.0,95.0000,95.4419,92.5731,0.0000,0
802.0,95.0000,95.4531,92.5840,0.0000,0
803.0,95.0000,95.4642,92.5949,0.0000,0
804.0,95.0000,95.4753,92.6058,0.0000,0
805.0,95.0000,95.4864,92.6166,0.0000,0
806.0,95.0000,95.4975,92.6275,0.0000,0
807.0,95.0000,95.5086,92.6383,0.0000,0
808.0,95.0000,95.5196,92.6490,0.0000,0
809.0,95.0000,95.5306,92.6598,0.0000,0
810.0,95.0000,95.5416,92.6705,0.0000,0
811.0,95.0000,95.5526,92.6812,0.0000,0
812.0,95.0000,95.5635,92.6919,0.0000,0
813.0,95.0000,95.5745,92.7026,0.0000,0
814.0,95.0000,95.5854,92.7132,0.0000,0
815.0,95.0000,95.5962,92.7239,0.0000,0
816.0,95.0000,95.6071,92.7345,0.0000,0
817.0,95.0000,95.6179,92.7206,0.2881,0
818.0,95.0000,95.6288,92.6883,0.5048,0
819.0,95.0000,95.6396,92.6476,0.6044,0
820.0,95.0000,95.6503,92.6038,0.6414,0
821.0,95.0000,95.6611,92.5597,0.6456,0
822.0,95.0000,95.6718,92.5169,0.6329,0
823.0,95.0000,95.6825,92.4759,0.6119,0
824.0,95.0000,95.6932,92.4370,0.5875,0
825.0,95.0000,95.7039,92.4004,0.5619,1
826.0,95.0000,95.7145,92.3661,0.5365,1
827.0,95.0000,95.7251,92.3339,0.5120,1
828.0,95.0000,95.7358,92.3037,0.4887,1
829.0,95.0000,95.7463,92.2755,0.4666,1
830.0,95.0000,95.7569,92.2491,0.4458,1
831.0,95.0000,95.7674,92.2244,0.4262,1
832.0,95.0000,95.7779,92.2013,0.4079,1
833.0,95.0000,95.7884,92.1798,0.3908,1
834.0,95.0000,95.7989,92.1596,0.3748,1
835.0,95.0000,95.8094,92.1408,0.3597,1
836.0,95.0000,95.8198,92.1231,0.3457,0
837.0,95.0000,95.8302,92.1067,0.3325,0
838.0,95.0000,95.8406,92.0913,0.3202,0
839.0,95.0000,95.8510,92.0762,0.3172,0
840.0,95.0000,95.8613,92.0604,0.3253,0
841.0,95.0000,95.8717,92.0433,0.3419,0
842.0,95.0000,95.8820,92.0244,0.3633,0
843.0,95.0000,95.8923,92.0035,0.3866,0
844.0,95.0000,95.9025,91.9807,0.4099,0
845.0,95.0000,95.9128,91.9561,0.4319,0
846.0,95.0000,95.9230,91.9298,0.4518,0
847.0,95.0000,95.8647,91.9041,0.4457,0
848.0,95.0000,95.8065,91.8802,0.4256,0
849.0,95.0000,95.7484,91.8586,0.3984,0
850.0,95.0000,95.6904,91.8397,0.3677,0
851.0,95.0000,95.6325,91.8235,0.3354,0
852.0,95.0000,95.5748,91.8102,0.3027,0
853.0,95.0000,95.5171,91.7997,0.2702,0
854.0,95.0000,95.4596,91.7919,0.2381,0
855.0,95.0000,95.4022,91.7868,0.2067,0
856.0,95.0000,95.3449,91.7843,0.1762,0
857.0,95.0000,95.2877,91.7843,0.1465,0
858.0,95.0000,95.2992,91.7848,0.1414,1
859.0,95.0000,95.3107,91.7846,0.1486,1
860.0,95.0000,95.3221,91.7834,0.1615,1
861.0,95.0000,95.3335,91.7808,0.1768,1
862.0,95.0000,95.3449,91.7769,0.1931,1
863.0,95.0000,95.3563,91.7716,0.2100,1
864.0,95.0000,95.3676,91.7647,0.2273,1
865.0,95.0000,95.3789,91.7565,0.2449,1
866.0,95.0000,95.3902,91.7466,0.2629,1
867.0,95.0000,95.4015,91.7353,0.2812,0
868.0,95.0000,95.4127,91.7224,0.2997,0
869.0,95.0000,95.4240,91.7080,0.3176,0
870.0,95.0000,95.4352,91.6923,0.3340,0
871.0,95.0000,95.4463,91.6753,0.3485,0
872.0,95.0000,95.4575,91.6573,0.3605,0
873.0,95.0000,95.4686,91.6386,0.3701,0
874.0,95.0000,95.4798,91.6193,0.3772,0
875.0,95.0000,95.4909,91.5997,0.3818,0
876.0,95.0000,95.5019,91.5799,0.3841,0
877.0,95.0000,95.5130,91.5601,0.3842,0
878.0,95.0000,95.5240,91.5406,0.3823,0
879.0,95.0000,95.5350,91.5213,0.3786,0
880.0,95.0000,95.4774,91.5046,0.3502,0
881.0,95.0000,95.4200,91.4913,0.3102,0
882.0,95.0000,95.3627,91.4817,0.2660,0
883.0,95.0000,95.3055,91.4760,0.2213,0
884.0,95.0000,95.2484,91.4739,0.1782,0
885.0,95.0000,95.1914,91.4753,0.1376,0
886.0,95.0000,95.1345,91.4799,0.1001,0
887.0,95.0000,95.0778,91.4874,0.0657,0
888.0,95.0000,95.0211,91.4976,0.0345,0
889.0,95.0000,95.0331,91.5081,0.0300,0
890.0,95.0000,95.0451,91.5178,0.0398,0
891.0,95.0000,95.0571,91.5259,0.0572,1
892.0,95.0000,95.0690,91.5322,0.0783,1
893.0,95.0000,95.0809,91.5366,0.1012,1
894.0,95.0000,95.0928,91.5390,0.1247,1
895.0,95.0000,95.1047,91.5394,0.1480,1
896.0,95.0000,95.1165,91.5379,0.1707,1
897.0,95.0000,95.1284,91.5345,0.1927,0
898.0,95.0000,95.1401,91.5293,0.2137,0
899.0,95.0000,95.1519,91.5224,0.2336,0
900.0,95.0000,95.1637,91.5140,0.2522,0
901.0,95.0000,95.1754,91.5041,0.2696,0
902.0,95.0000,95.1871,91.4929,0.2850,0
903.0,95.0000,95.1988,91.4807,0.2977,0
904.0,95.0000,95.2104,91.4676,0.3074,0
905.0,95.0000,95.2221,91.4540,0.3140,0
906.0,95.0000,95.2337,91.4402,0.3175,0
907.0,95.0000,95.2453,91.4263,0.3182,0
908.0,95.0000,95.2568,91.4126,0.3163,0
909.0,95.0000,95.2684,91.3993,0.3121,0
910.0,95.0000,95.2799,91.3866,0.3060,0
911.0,95.0000,95.2914,91.3744,0.2989,0
912.0,95.0000,95.3028,91.3629,0.2919,0
913.0,95.0000,95.2457,91.3540,0.2619,0
914.0,95.0000,95.1888,91.3485,0.2216,0
915.0,95.0000,95.1319,91.3467,0.1781,0
916.0,95.0000,95.0752,91.3486,0.1348,0
917.0,95.0000,95.0185,91.3540,0.0936,0
918.0,95.0000,94.9620,91.3626,0.0554,0
919.0,95.0000,94.9741,91.3722,0.0441,0
920.0,95.0000,94.9862,91.3815,0.0476,0
921.0,95.0000,94.9983,91.3898,0.0590,0
922.0,95.0000,95.0104,91.3967,0.0746,0
923.0,95.0000,95.0224,91.4021,0.0925,0
924.0,95.0000,95.0344,91.4059,0.1114,1
925.0,95.0000,95.0464,91.4080,0.1307,1
926.0,95.0000,95.0583,91.4085,0.1499,1
927.0,95.0000,95.0703,91.4074,0.1686,1
928.0,95.0000,95.0822,91.4047,0.1867,1
929.0,95.0000,95.0941,91.4006,0.2040,1
930.0,95.0000,95.1059,91.3952,0.2202,1
931.0,95.0000,95.1178,91.3884,0.2354,1
932.0,95.0000,95.1296,91.3805,0.2493,0
933.0,95.0000,95.1414,91.3715,0.2621,0
934.0,95.0000,95.1532,91.3616,0.2736,0
935.0,95.0000,95.1649,91.3508,0.2833,0
936.0,95.0000,95.1766,91.3395,0.2906,0
937.0,95.0000,95.1883,91.3278,0.2951,0
938.0,95.0000,95.2000,91.3159,0.2969,0
939.0,95.0000,95.2117,91.3042,0.2960,0
940.0,95.0000,95.2233,91.2927,0.2926,0
941.0,95.0000,95.2349,91.2817,0.2878,0
942.0,95.0000,95.2465,91.2712,0.2824,0
943.0,95.0000,95.2580,91.2612,0.2773,0
944.0,95.0000,95.2696,91.2515,0.2729,0
945.0,95.0000,95.2811,91.2421,0.2695,0
946.0,95.0000,95.2240,91.2350,0.2436,0
947.0,95.0000,95.1671,91.2309,0.2075,0
948.0,95.0000,95.1103,91.2302,0.1679,0
949.0,95.0000,95.0536,91.2329,0.1283,0
950.0,95.0000,94.9970,91.2388,0.0903,0
951.0,95.0000,94.9405,91.2478,0.0547,0
952.0,95.0000,94.8841,91.2595,0.0220,0
953.0,95.0000,94.8279,91.2730,0.0000,0
954.0,95.0000,94.8403,91.2865,0.0000,0
955.0,95.0000,94.8527,91.3000,0.0000,0
956.0,95.0000,94.8650,91.3127,0.0089,0
957.0,95.0000,94.8773,91.3233,0.0334,1
958.0,95.0000,94.8896,91.3318,0.0575,1
959.0,95.0000,94.9019,91.3383,0.0810,1
960.0,95.0000,94.9141,91.3429,0.1034,0
961.0,95.0000,94.9264,91.3456,0.1247,0
962.0,95.0000,94.9386,91.3467,0.1446,0
963.0,95.0000,94.9507,91.3462,0.1632,0
964.0,95.0000,94.9629,91.3442,0.1803,0
965.0,95.0000,94.9750,91.3409,0.1960,0
966.0,95.0000,94.9871,91.3364,0.2104,0
967.0,95.0000,94.9992,91.3308,0.2237,0
968.0,95.0000,95.0113,91.3242,0.2352,0
969.0,95.0000,95.0233,91.3168,0.2444,0
970.0,95.0000,95.0353,91.3089,0.2510,0
971.0,95.0000,95.0473,91.3007,0.2549,0
972.0,95.0000,95.0592,91.2923,0.2562,0
973.0,95.0000,95.0712,91.2841,0.2551,0
974.0,95.0000,95.0831,91.2762,0.2519,0
975.0,95.0000,95.0950,91.2687,0.2470,0
976.0,95.0000,95.1068,91.2617,0.2414,0
977.0,95.0000,95.1187,91.2552,0.2357,0
978.0,95.0000,95.1305,91.2491,0.2302,0
979.0,95.0000,95.0737,91.2455,0.2021,0
980.0,95.0000,95.0171,91.2451,0.1640,0
981.0,95.0000,94.9606,91.2483,0.1226,0
982.0,95.0000,94.9727,91.2529,0.1052,0
983.0,95.0000,94.9848,91.2578,0.1011,0
984.0,95.0000,94.9969,91.2625,0.1044,0
985.0,95.0000,95.0090,91.2665,0.1120,0
986.0,95.0000,95.0210,91.2696,0.1221,0
987.0,95.0000,95.0330,91.2718,0.1335,0
988.0,95.0000,95.0450,91.2729,0.1458,0
989.0,95.0000,95.0570,91.2729,0.1585,0
990.0,95.0000,95.0689,91.2719,0.1714,1
991.0,95.0000,95.0808,91.2697,0.1843,1
992.0,95.0000,95.0927,91.2665,0.1969,1
993.0,95.0000,95.1046,91.2622,0.2093,1
994.0,95.0000,95.1164,91.2570,0.2211,1
995.0,95.0000,95.1282,91.2508,0.2323,1
996.0,95.0000,95.1400,91.2437,0.2427,1
997.0,95.0000,95.1518,91.2358,0.2523,1
998.0,95.0000,95.1636,91.2272,0.2611,1
999.0,95.0000,95.1753,91.2179,0.2689,0
1000.0,95.0000,95.1870,91.2081,0.2760,0
1001.0,95.0000,95.1987,91.1978,0.2816,0
1002.0,95.0000,95.2103,91.1872,0.2851,0
1003.0,95.0000,95.2220,91.1765,0.2863,0
1004.0,95.0000,95.2336,91.1659,0.2858,0
1005.0,95.0000,95.2451,91.1555,0.2842,0
1006.0,95.0000,95.2567,91.1452,0.2823,0
1007.0,95.0000,95.2682,91.1351,0.2805,0
1008.0,95.0000,95.2798,91.1252,0.2791,0
1009.0,95.0000,95.2913,91.1153,0.2783,0
1010.0,95.0000,95.3027,91.1055,0.2781,0
1011.0,95.0000,95.3142,91.0957,0.2787,0
1012.0,95.0000,95.2571,91.0877,0.2563,0
1013.0,95.0000,95.2001,91.0826,0.2232,0
1014.0,95.0000,95.1432,91.0807,0.1861,0
1015.0,95.0000,95.0864,91.0820,0.1483,0
1016.0,95.0000,95.0297,91.0864,0.1117,0
1017.0,95.0000,94.9732,91.0937,0.0770,0
1018.0,95.0000,94.9168,91.1038,0.0448,0
1019.0,95.0000,94.8604,91.1164,0.0149,0
1020.0,95.0000,94.8042,91.1302,0.0000,0
1021.0,95.0000,94.8167,91.1440,0.0000,0
1022.0,95.0000,94.8291,91.1577,0.0000,0
1023.0,95.0000,94.8415,91.1711,0.0048,0
1024.0,95.0000,94.8539,91.1821,0.0316,0
1025.0,95.0000,94.8662,91.1909,0.0569,0
1026.0,95.0000,94.8785,91.1978,0.0807,0
1027.0,95.0000,94.8908,91.2027,0.1030,0
1028.0,95.0000,94.9031,91.2058,0.1237,0
1029.0,95.0000,94.9153,91.2073,0.1431,0
1030.0,95.0000,94.9276,91.2072,0.1611,0
1031.0,95.0000,94.9398,91.2057,0.1779,0
1032.0,95.0000,94.9519,91.2029,0.1935,0
1033.0,95.0000,94.9641,91.1989,0.2082,0
1034.0,95.0000,94.9762,91.1937,0.2212,0
1035.0,95.0000,94.9883,91.1877,0.2321,0
1036.0,95.0000,95.0004,91.1809,0.2404,0
1037.0,95.0000,95.0124,91.1737,0.2461,0
1038.0,95.0000,95.0245,91.1662,0.2492,0
1039.0,95.0000,95.0365,91.1587,0.2499,0
1040.0,95.0000,95.0484,91.1513,0.2484,0
1041.0,95.0000,95.0604,91.1442,0.2449,0
1042.0,95.0000,95.0723,91.1375,0.2401,0
1043.0,95.0000,95.0842,91.1314,0.2348,0
1044.0,95.0000,95.0961,91.1257,0.2294,0
1045.0,95.0000,95.1080,91.1204,0.2241,0
1046.0,95.0000,95.1198,91.1155,0.2200,0
1047.0,95.0000,95.1316,91.1109,0.2173,0
1048.0,95.0000,95.1434,91.1063,0.2160,0
1049.0,95.0000,95.1552,91.1018,0.2162,0
1050.0,95.0000,95.1669,91.0971,0.2178,0
1051.0,95.0000,95.1787,91.0922,0.2206,0
1052.0,95.0000,95.1904,91.0870,0.2244,0
1053.0,95.0000,95.2020,91.0814,0.2291,0
1054.0,95.0000,95.2137,91.0753,0.2347,0
1055.0,95.0000,95.2253,91.0688,0.2409,0
1056.0,95.0000,95.2369,91.0616,0.2476,1
1057.0,95.0000,95.2485,91.0539,0.2548,1
1058.0,95.0000,95.2600,91.0456,0.2622,1
1059.0,95.0000,95.2716,91.0366,0.2696,1
1060.0,95.0000,95.2831,91.0270,0.2770,1
1061.0,95.0000,95.2946,91.0169,0.2841,1
1062.0,95.0000,95.3060,91.0062,0.2909,1
1063.0,95.0000,95.3175,90.9949,0.2971,1
1064.0,95.0000,95.3289,90.9833,0.3028,1
1065.0,95.0000,95.3403,90.9712,0.3078,1
1066.0,95.0000,95.3517,90.9587,0.3123,0
1067.0,95.0000,95.3630,90.9460,0.3161,0
1068.0,95.0000,95.3743,90.9330,0.3194,0
1069.0,95.0000,95.3856,90.9198,0.3223,0
1070.0,95.0000,95.3969,90.9064,0.3247,0
1071.0,95.0000,95.4082,90.8928,0.3270,0
1072.0,95.0000,95.4194,90.8791,0.3291,0
1073.0,95.0000,95.4306,90.8653,0.3311,0
1074.0,95.0000,95.4418,90.8513,0.3332,0
1075.0,95.0000,95.4530,90.8371,0.3354,0
1076.0,95.0000,95.4641,90.8228,0.3377,0
1077.0,95.0000,95.4753,90.8083,0.3402,0
1078.0,95.0000,95.4178,90.7956,0.3192,0
1079.0,95.0000,95.3605,90.7856,0.2871,0
1080.0,95.0000,95.3033,90.7788,0.2504,0
1081.0,95.0000,95.2462,90.7752,0.2128,0
1082.0,95.0000,95.1892,90.7748,0.1760,0
1083.0,95.0000,95.1324,90.7773,0.1409,0
1084.0,95.0000,95.0756,90.7826,0.1079,0
1085.0,95.0000,95.0190,90.7905,0.0772,0
1086.0,95.0000,94.9624,90.8009,0.0486,0
1087.0,95.0000,94.9060,90.8134,0.0222,0
1088.0,95.0000,94.9183,90.8261,0.0214,0
1089.0,95.0000,94.9305,90.8376,0.0339,1
1090.0,95.0000,94.9427,90.8475,0.0528,1
1091.0,95.0000,94.9548,90.8555,0.0745,0
1092.0,95.0000,94.9670,90.8616,0.0971,0
1093.0,95.0000,94.9791,90.8657,0.1195,0
1094.0,95.0000,94.9912,90.8681,0.1413,0
1095.0,95.0000,95.0033,90.8686,0.1621,0
1096.0,95.0000,95.0153,90.8674,0.1819,0
1097.0,95.0000,95.0273,90.8647,0.2006,0
1098.0,95.0000,95.0393,90.8605,0.2184,0
1099.0,95.0000,95.0513,90.8548,0.2352,0
1100.0,95.0000,95.0633,90.8479,0.2504,0
1101.0,95.0000,95.0752,90.8398,0.2633,0
1102.0,95.0000,95.0871,90.8309,0.2737,0
1103.0,95.0000,95.0990,90.8214,0.2814,0
1104.0,95.0000,95.1108,90.8115,0.2864,0
1105.0,95.0000,95.1227,90.8014,0.2888,0
1106.0,95.0000,95.1345,90.7912,0.2889,0
1107.0,95.0000,95.1462,90.7813,0.2868,0
1108.0,95.0000,95.1580,90.7718,0.2830,0
1109.0,95.0000,95.1697,90.7627,0.2775,0
1110.0,95.0000,95.1815,90.7541,0.2714,0
1111.0,95.0000,95.1246,90.7481,0.2417,0
1112.0,95.0000,95.0679,90.7456,0.2015,0
1113.0,95.0000,95.0798,90.7447,0.1815,0
1114.0,95.0000,95.0917,90.7446,0.1730,0
1115.0,95.0000,95.1036,90.7446,0.1713,0
1116.0,95.0000,95.1154,90.7444,0.1737,0
1117.0,95.0000,95.1272,90.7437,0.1787,0
1118.0,95.0000,95.1390,90.7425,0.1856,0
1119.0,95.0000,95.1508,90.7406,0.1937,0
1120.0,95.0000,95.1625,90.7380,0.2027,0
1121.0,95.0000,95.1743,90.7345,0.2124,0
1122.0,95.0000,95.1860,90.7301,0.2226,1
1123.0,95.0000,95.1977,90.7249,0.2332,1
1124.0,95.0000,95.2093,90.7188,0.2439,1
1125.0,95.0000,95.2210,90.7117,0.2547,1
1126.0,95.0000,95.2326,90.7038,0.2652,1
1127.0,95.0000,95.2441,90.6950,0.2755,1
1128.0,95.0000,95.2557,90.6854,0.2853,1
1129.0,95.0000,95.2673,90.6751,0.2944,1
1130.0,95.0000,95.2788,90.6640,0.3030,1
1131.0,95.0000,95.2903,90.6524,0.3107,1
1132.0,95.0000,95.3017,90.6401,0.3177,0
1133.0,95.0000,95.3132,90.6274,0.3231,0
1134.0,95.0000,95.3246,90.6144,0.3265,0
1135.0,95.0000,95.3360,90.6014,0.3281,0
1136.0,95.0000,95.3474,90.5883,0.3286,0
1137.0,95.0000,95.3588,90.5752,0.3283,0
1138.0,95.0000,95.3701,90.5623,0.3278,0
1139.0,95.0000,95.3814,90.5494,0.3274,0
1140.0,95.0000,95.3927,90.5365,0.3271,0
1141.0,95.0000,95.4040,90.5237,0.3273,0
1142.0,95.0000,95.4152,90.5108,0.3278,0
1143.0,95.0000,95.4264,90.4979,0.3289,0
1144.0,95.0000,95.3691,90.4869,0.3067,0
1145.0,95.0000,95.3119,90.4787,0.2738,0
1146.0,95.0000,95.2548,90.4736,0.2366,0
1147.0,95.0000,95.1978,90.4719,0.1986,0
1148.0,95.0000,95.1409,90.4732,0.1617,0
1149.0,95.0000,95.0841,90.4776,0.1268,0
1150.0,95.0000,95.0275,90.4847,0.0941,0
1151.0,95.0000,94.9709,90.4943,0.0638,0
1152.0,95.0000,94.9145,90.5063,0.0359,0
1153.0,95.0000,94.8582,90.5205,0.0102,0
1154.0,95.0000,94.8705,90.5346,0.0104,0
1155.0,95.0000,94.8828,90.5476,0.0238,1
1156.0,95.0000,94.8951,90.5588,0.0438,0
1157.0,95.0000,94.9074,90.5681,0.0664,0
1158.0,95.0000,94.9196,90.5754,0.0899,0
1159.0,95.0000,94.9318,90.5807,0.1130,0
1160.0,95.0000,94.9440,90.5841,0.1352,0
1161.0,95.0000,94.9562,90.5857,0.1564,0
1162.0,95.0000,94.9683,90.5856,0.1763,0
1163.0,95.0000,94.9804,90.5839,0.1951,0
1164.0,95.0000,94.9925,90.5807,0.2127,0
1165.0,95.0000,95.0046,90.5761,0.2292,0
1166.0,95.0000,95.0166,90.5702,0.2441,0
1167.0,95.0000,95.0287,90.5633,0.2567,0
1168.0,95.0000,95.0406,90.5555,0.2667,0
1169.0,95.0000,95.0526,90.5472,0.2740,0
1170.0,95.0000,95.0646,90.5385,0.2785,0
1171.0,95.0000,95.0765,90.5296,0.2806,0
1172.0,95.0000,95.0884,90.5208,0.2803,0
1173.0,95.0000,95.1003,90.5122,0.2779,0
1174.0,95.0000,95.1121,90.5039,0.2738,0
1175.0,95.0000,95.1239,90.4962,0.2681,0
1176.0,95.0000,95.1358,90.4890,0.2618,0
1177.0,95.0000,95.0790,90.4843,0.2320,0
1178.0,95.0000,95.0909,90.4811,0.2155,0
1179.0,95.0000,95.1028,90.4786,0.2069,0
1180.0,95.0000,95.1146,90.4764,0.2033,0
1181.0,95.0000,95.1264,90.4742,0.2029,0
1182.0,95.0000,95.1382,90.4719,0.2049,0
1183.0,95.0000,95.1500,90.4693,0.2087,0
1184.0,95.0000,95.1618,90.4662,0.2138,0
1185.0,95.0000,95.1735,90.4626,0.2200,0
1186.0,95.0000,95.1852,90.4585,0.2272,0
1187.0,95.0000,95.1969,90.4536,0.2350,0
1188.0,95.0000,95.2085,90.4481,0.2435,1
1189.0,95.0000,95.2202,90.4418,0.2523,1
1190.0,95.0000,95.2318,90.4347,0.2614,1
1191.0,95.0000,95.2434,90.4269,0.2706,1
1192.0,95.0000,95.2549,90.4183,0.2797,1
1193.0,95.0000,95.2665,90.4090,0.2885,1
1194.0,95.0000,95.2780,90.3990,0.2969,1
1195.0,95.0000,95.2895,90.3883,0.3048,1
1196.0,95.0000,95.3010,90.3771,0.3121,1
1197.0,95.0000,95.3124,90.3653,0.3186,1
1198.0,95.0000,95.3239,90.3530,0.3245,1
1199.0,100.0000,92.3353,90.3684,0.0000,0
1200.0,100.0000,92.3466,90.3837,0.0000,0
1201.0,100.0000,92.3580,90.3990,0.0000,0
1202.0,100.0000,92.3693,90.4142,0.0000,0
1203.0,100.0000,92.3807,90.4295,0.0000,0
1204.0,100.0000,92.3919,90.4447,0.0000,0
1205.0,100.0000,92.4032,90.4598,0.0000,0
1206.0,100.0000,92.4145,90.4750,0.0000,0
1207.0,100.0000,92.4257,90.4901,0.0000,0
1208.0,100.0000,92.4369,90.5051,0.0000,0
1209.0,100.0000,92.4481,90.5202,0.0000,0
1210.0,100.0000,92.3907,90.5352,0.0000,0
1211.0,100.0000,92.3334,90.5502,0.0000,0
1212.0,100.0000,92.2763,90.5651,0.0000,0
1213.0,100.0000,92.2192,90.5800,0.0000,0
1214.0,100.0000,92.1623,90.5949,0.0000,0
1215.0,100.0000,92.1055,90.6098,0.0000,0
1216.0,100.0000,92.0488,90.6246,0.0000,0
1217.0,100.0000,91.9922,90.6394,0.0000,0
1218.0,100.0000,91.9357,90.6542,0.0000,0
1219.0,100.0000,91.8794,90.6690,0.0000,0
1220.0,100.0000,91.8231,90.6837,0.0000,0
1221.0,100.0000,91.8355,90.6984,0.0000,0
1222.0,100.0000,91.8479,90.7130,0.0000,0
1223.0,100.0000,91.8603,90.7276,0.0000,0
1224.0,100.0000,91.8726,90.7422,0.0000,0
1225.0,100.0000,91.8849,90.7568,0.0000,0
1226.0,100.0000,91.8972,90.7713,0.0000,0
1227.0,100.0000,91.9095,90.7859,0.0000,0
1228.0,100.0000,91.9217,90.8003,0.0000,0
1229.0,100.0000,91.9339,90.8148,0.0000,0
1230.0,100.0000,91.9461,90.8292,0.0000,0
1231.0,100.0000,91.9582,90.8436,0.0000,0
1232.0,100.0000,91.9704,90.8580,0.0000,0
1233.0,100.0000,91.9825,90.8723,0.0000,0
1234.0,100.0000,91.9946,90.8866,0.0000,0
1235.0,100.0000,92.0066,90.9009,0.0000,0
1236.0,100.0000,92.0187,90.9151,0.0000,0
1237.0,100.0000,92.0307,90.9294,0.0000,0
1238.0,100.0000,92.0427,90.9436,0.0000,0
1239.0,100.0000,92.0547,90.9577,0.0000,0
1240.0,100.0000,92.0666,90.9719,0.0000,0
1241.0,100.0000,92.0785,90.9860,0.0000,0
1242.0,100.0000,92.0904,91.0001,0.0000,0
1243.0,100.0000,92.1023,91.0141,0.0000,0
1244.0,100.0000,92.1141,91.0281,0.0000,0
1245.0,100.0000,92.1260,91.0421,0.0000,0
1246.0,100.0000,92.1378,91.0561,0.0000,0
1247.0,100.0000,92.1495,91.0700,0.0000,0
1248.0,100.0000,92.1613,91.0839,0.0000,0
1249.0,100.0000,92.1730,91.0978,0.0000,0
1250.0,100.0000,92.1847,91.1117,0.0000,0
1251.0,100.0000,92.1964,91.1255,0.0000,0
1252.0,100.0000,92.2081,91.1393,0.0000,0
1253.0,100.0000,92.2197,91.1531,0.0000,0
1254.0,100.0000,92.2313,91.1668,0.0000,0
1255.0,100.0000,92.2429,91.1806,0.0000,0
1256.0,100.0000,92.2545,91.1943,0.0000,0
1257.0,100.0000,92.2660,91.2079,0.0000,0
1258.0,100.0000,92.2775,91.2216,0.0000,0
1259.0,100.0000,92.2890,91.2352,0.0000,0
1260.0,100.0000,92.3005,91.2487,0.0000,0
1261.0,100.0000,92.3120,91.2623,0.0000,0
1262.0,100.0000,92.3234,91.2758,0.0000,0
1263.0,100.0000,92.3348,91.2893,0.0000,0
1264.0,100.0000,92.3462,91.3028,0.0000,0
1265.0,100.0000,92.3576,91.3163,0.0000,0
1266.0,100.0000,92.3689,91.3297,0.0000,0
1267.0,100.0000,92.3802,91.3431,0.0000,0
1268.0,100.0000,92.3915,91.3564,0.0000,0
1269.0,100.0000,92.4028,91.3698,0.0000,0
1270.0,100.0000,92.4140,91.3831,0.0000,0
1271.0,100.0000,92.4252,91.3964,0.0000,0
1272.0,100.0000,92.4364,91.4096,0.0000,0
1273.0,100.0000,92.4476,91.4229,0.0000,0
1274.0,100.0000,92.4588,91.4361,0.0000,0
1275.0,100.0000,92.4699,91.4493,0.0000,0
1276.0,100.0000,92.4810,91.4624,0.0000,0
1277.0,100.0000,92.4921,91.4755,0.0000,0
1278.0,100.0000,92.5032,91.4886,0.0000,0
1279.0,100.0000,92.5142,91.5017,0.0000,0
1280.0,100.0000,92.5253,91.5148,0.0000,0
1281.0,100.0000,92.5363,91.5278,0.0000,0
1282.0,100.0000,92.5472,91.5408,0.0000,0
1283.0,100.0000,92.5582,91.5538,0.0000,0
1284.0,100.0000,92.5691,91.5667,0.0000,0
1285.0,100.0000,92.5801,91.5796,0.0000,0
1286.0,100.0000,92.5909,91.5925,0.0000,0
1287.0,100.0000,92.6018,91.6054,0.0000,0
1288.0,100.0000,92.6127,91.6182,0.0000,0
1289.0,100.0000,92.6235,91.6310,0.0000,0
1290.0,100.0000,92.6343,91.6438,0.0000,0
1291.0,100.0000,92.6451,91.6566,0.0000,0
1292.0,100.0000,92.6558,91.6693,0.0000,0
1293.0,100.0000,92.6666,91.6820,0.0000,0
1294.0,100.0000,92.6773,91.6947,0.0000,0
1295.0,100.0000,92.6880,91.7074,0.0000,0
1296.0,100.0000,92.6987,91.7200,0.0000,0
1297.0,100.0000,92.7093,91.7327,0.0000,0
1298.0,100.0000,92.7200,91.7452,0.0000,0
1299.0,100.0000,92.7306,91.7578,0.0000,0
1300.0,100.0000,92.7412,91.7703,0.0000,0
1301.0,100.0000,92.7517,91.7828,0.0000,0
1302.0,100.0000,92.7623,91.7953,0.0000,0
1303.0,100.0000,92.7728,91.8078,0.0000,0
1304.0,100.0000,92.7833,91.8202,0.0000,0
1305.0,100.0000,92.7938,91.8326,0.0000,0
1306.0,100.0000,92.8043,91.8450,0.0000,0
1307.0,100.0000,92.8147,91.8574,0.0000,0
1308.0,100.0000,92.8252,91.8697,0.0000,0
1309.0,100.0000,92.8356,91.8821,0.0000,0
1310.0,100.0000,92.8459,91.8943,0.0000,0
1311.0,100.0000,92.8563,91.9066,0.0000,0
1312.0,100.0000,92.8666,91.9188,0.0000,0
1313.0,100.0000,92.8770,91.9311,0.0000,0
1314.0,100.0000,92.8873,91.9432,0.0000,0
1315.0,100.0000,92.8975,91.9554,0.0000,0
1316.0,100.0000,92.9078,91.9676,0.0000,0
1317.0,100.0000,92.9180,91.9797,0.0000,0
1318.0,100.0000,92.9282,91.9918,0.0000,0
1319.0,100.0000,92.9384,92.0038,0.0000,0
1320.0,100.0000,92.9486,92.0159,0.0000,0
1321.0,100.0000,92.9588,92.0279,0.0000,0
1322.0,100.0000,92.9689,92.0399,0.0000,0
1323.0,100.0000,92.9790,92.0519,0.0000,0
1324.0,100.0000,92.9891,92.0638,0.0000,0
1325.0,100.0000,92.9992,92.0757,0.0000,0
1326.0,100.0000,93.0093,92.0877,0.0000,0
1327.0,100.0000,93.0193,92.0995,0.0000,0
1328.0,100.0000,93.0293,92.1114,0.0000,0
1329.0,100.0000,93.0393,92.1232,0.0000,0
1330.0,100.0000,93.0493,92.1350,0.0000,0
1331.0,100.0000,93.0592,92.1468,0.0000,0
1332.0,100.0000,93.0692,92.1586,0.0000,0
1333.0,100.0000,93.0791,92.1703,0.0000,0
1334.0,100.0000,93.0890,92.1820,0.0000,0
1335.0,100.0000,93.0988,92.1937,0.0000,0
1336.0,100.0000,93.1087,92.2054,0.0000,0
1337.0,100.0000,93.1185,92.2170,0.0000,0
1338.0,100.0000,93.1283,92.2286,0.0000,0
1339.0,100.0000,93.1381,92.2402,0.0000,0
1340.0,100.0000,93.1479,92.2518,0.0000,0
1341.0,100.0000,93.1577,92.2633,0.0000,0
1342.0,100.0000,93.1674,92.2749,0.0000,0
1343.0,100.0000,93.1771,92.2864,0.0000,0
1344.0,100.0000,93.1868,92.2979,0.0000,0
1345.0,100.0000,93.1965,92.3093,0.0000,0
1346.0,100.0000,93.2062,92.3207,0.0000,0
1347.0,100.0000,93.2158,92.3322,0.0000,0
1348.0,100.0000,93.2254,92.3435,0.0000,0
1349.0,100.0000,93.2350,92.3549,0.0000,0
1350.0,100.0000,93.2446,92.3663,0.0000,0
1351.0,100.0000,93.2542,92.3776,0.0000,0
1352.0,100.0000,93.2637,92.3889,0.0000,0
1353.0,100.0000,93.2733,92.4001,0.0000,0
1354.0,100.0000,93.2828,92.4114,0.0000,0
1355.0,100.0000,93.2922,92.4226,0.0000,0
1356.0,100.0000,93.3017,92.4338,0.0000,0
1357.0,100.0000,93.3112,92.4450,0.0000,0
1358.0,100.0000,93.3206,92.4562,0.0000,0
1359.0,100.0000,93.3300,92.4673,0.0000,0
1360.0,100.0000,93.3394,92.4784,0.0000,0
1361.0,100.0000,93.3488,92.4895,0.0000,0
1362.0,100.0000,93.3581,92.5006,0.0000,0
1363.0,100.0000,93.3675,92.5117,0.0000,0
1364.0,100.0000,93.3768,92.5227,0.0000,0
1365.0,100.0000,93.3861,92.5337,0.0000,0
1366.0,100.0000,93.3954,92.5447,0.0000,0
1367.0,100.0000,93.4046,92.5557,0.0000,0
1368.0,100.0000,93.4139,92.5666,0.0000,0
1369.0,100.0000,93.4231,92.5775,0.0000,0
1370.0,100.0000,93.4323,92.5884,0.0000,0
1371.0,100.0000,93.4415,92.5993,0.0000,0
1372.0,100.0000,93.4507,92.6101,0.0000,0
1373.0,100.0000,93.4598,92.6210,0.0000,0
1374.0,100.0000,93.4690,92.6318,0.0000,0
1375.0,100.0000,93.4781,92.6426,0.0000,0
1376.0,100.0000,93.4872,92.6533,0.0000,0
1377.0,100.0000,93.4962,92.6641,0.0000,0
1378.0,100.0000,93.5053,92.6748,0.0000,0
1379.0,100.0000,93.5143,92.6855,0.0000,0
1380.0,100.0000,93.5234,92.6962,0.0000,0
1381.0,100.0000,93.5324,92.7069,0.0000,0
1382.0,100.0000,93.5414,92.7175,0.0000,0
1383.0,100.0000,93.5503,92.7281,0.0000,0
1384.0,100.0000,93.5593,92.7387,0.0000,0
1385.0,100.0000,93.5682,92.7493,0.0000,0
1386.0,100.0000,93.5771,92.7598,0.0000,0
1387.0,100.0000,93.5860,92.7704,0.0000,0
1388.0,100.0000,93.5949,92.7809,0.0000,0
1389.0,100.0000,93.6038,92.7914,0.0000,0
1390.0,100.0000,93.6126,92.8018,0.0000,0
1391.0,100.0000,93.6215,92.8123,0.0000,0
1392.0,100.0000,93.6303,92.8227,0.0000,0
1393.0,100.0000,93.6391,92.8331,0.0000,0
1394.0,100.0000,93.6478,92.8435,0.0000,0
1395.0,100.0000,93.6566,92.8539,0.0000,0
1396.0,100.0000,93.6653,92.8642,0.0000,0
1397.0,100.0000,93.6741,92.8746,0.0000,0
1398.0,100.0000,93.6828,92.8849,0.0000,0
1399.0,100.0000,93.6914,92.8951,0.0000,0
1400.0,100.0000,93.7001,92.9054,0.0000,0
1401.0,100.0000,93.7088,92.9156,0.0000,0
1402.0,100.0000,93.7174,92.9259,0.0000,0
1403.0,100.0000,93.7260,92.9361,0.0000,0
1404.0,100.0000,93.7346,92.9463,0.0000,0
1405.0,100.0000,93.7432,92.9564,0.0000,0
1406.0,100.0000,93.7518,92.9666,0.0000,0
1407.0,100.0000,93.7603,92.9767,0.0000,0
1408.0,100.0000,93.7689,92.9868,0.0000,0
1409.0,100.0000,93.7774,92.9969,0.0000,0
1410.0,100.0000,93.7859,93.0069,0.0000,0
1411.0,100.0000,93.7944,93.0170,0.0000,0
1412.0,100.0000,93.8028,93.0270,0.0000,0
1413.0,100.0000,93.8113,93.0370,0.0000,0
1414.0,100.0000,93.8197,93.0469,0.0000,0
1415.0,100.0000,93.8281,93.0569,0.0000,0
1416.0,100.0000,93.8365,93.0668,0.0000,0
1417.0,100.0000,93.8449,93.0768,0.0000,0
1418.0,100.0000,93.8532,93.0867,0.0000,0
1419.0,100.0000,93.8616,93.0965,0.0000,0
1420.0,100.0000,93.8699,93.1064,0.0000,0
1421.0,100.0000,93.8782,93.1162,0.0000,0
1422.0,100.0000,93.8865,93.1261,0.0000,0
1423.0,100.0000,93.8948,93.1359,0.0000,0
1424.0,100.0000,93.9031,93.1456,0.0000,0
1425.0,100.0000,93.9113,93.1554,0.0000,0
1426.0,100.0000,93.9196,93.1652,0.0000,0
1427.0,100.0000,93.9278,93.1749,0.0000,0
1428.0,100.0000,93.9360,93.1846,0.0000,0
1429.0,100.0000,93.9442,93.1943,0.0000,0
1430.0,100.0000,93.9523,93.2039,0.0000,0
1431.0,100.0000,93.9605,93.2136,0.0000,0
1432.0,100.0000,93.9686,93.2232,0.0000,0
1433.0,100.0000,93.9767,93.2328,0.0000,0
1434.0,100.0000,93.9848,93.2424,0.0000,0
1435.0,100.0000,93.9929,93.2520,0.0000,0
1436.0,100.0000,94.0010,93.2615,0.0000,0
1437.0,100.0000,94.0090,93.2710,0.0000,0
1438.0,100.0000,94.0170,93.2806,0.0000,0
1439.0,100.0000,94.0251,93.2900,0.0000,0
1440.0,100.0000,94.0331,93.2995,0.0000,0
1441.0,100.0000,94.0411,93.3090,0.0000,0
1442.0,100.0000,94.0490,93.3184,0.0000,0
1443.0,100.0000,94.0570,93.3278,0.0000,0
1444.0,100.0000,94.0649,93.3372,0.0000,0
1445.0,100.0000,94.0728,93.3466,0.0000,0
1446.0,100.0000,94.0808,93.3560,0.0000,0
1447.0,100.0000,94.0886,93.3653,0.0000,0
1448.0,100.0000,94.0965,93.3746,0.0000,0
1449.0,100.0000,94.1044,93.3839,0.0000,0
1450.0,100.0000,94.1122,93.3932,0.0000,0
1451.0,100.0000,94.1201,93.4025,0.0000,0
1452.0,100.0000,94.1279,93.4117,0.0000,0
1453.0,100.0000,94.1357,93.4210,0.0000,0
1454.0,100.0000,94.1434,93.4302,0.0000,0
1455.0,100.0000,94.1512,93.4394,0.0000,0
1456.0,100.0000,94.1590,93.4485,0.0000,0
1457.0,100.0000,94.1667,93.4577,0.0000,0
1458.0,100.0000,94.1744,93.4668,0.0000,0
1459.0,100.0000,94.1821,93.4759,0.0000,0
1460.0,100.0000,94.1898,93.4850,0.0000,0
1461.0,100.0000,94.1975,93.4941,0.0000,0
1462.0,100.0000,94.2051,93.5032,0.0000,0
1463.0,100.0000,94.2128,93.5122,0.0000,0
1464.0,100.0000,94.2204,93.5213,0.0000,0
1465.0,100.0000,94.2280,93.5303,0.0000,0
1466.0,100.0000,94.2356,93.5393,0.0000,0
1467.0,100.0000,94.2432,93.5482,0.0000,0
1468.0,100.0000,94.2508,93.5572,0.0000,0
1469.0,100.0000,94.2583,93.5661,0.0000,0
1470.0,100.0000,94.2659,93.5751,0.0000,0
1471.0,100.0000,94.2734,93.5840,0.0000,0
1472.0,100.0000,94.2809,93.5929,0.0000,0
1473.0,100.0000,94.2884,93.6017,0.0000,0
1474.0,100.0000,94.2959,93.6106,0.0000,0
1475.0,100.0000,94.3033,93.6194,0.0000,0
1476.0,100.0000,94.3108,93.6282,0.0000,0
1477.0,100.0000,94.3182,93.6370,0.0000,0
1478.0,100.0000,94.3256,93.6458,0.0000,0
1479.0,100.0000,94.3330,93.6546,0.0000,0
1480.0,100.0000,94.3404,93.6633,0.0000,0
1481.0,100.0000,94.3478,93.6720,0.0000,0
1482.0,100.0000,94.3551,93.6807,0.0000,0
1483.0,100.0000,94.3625,93.6894,0.0000,0
1484.0,100.0000,94.3698,93.6981,0.0000,0
1485.0,100.0000,94.3771,93.7068,0.0000,0
1486.0,100.0000,94.3844,93.7154,0.0000,0
1487.0,100.0000,94.3917,93.7240,0.0000,0
1488.0,100.0000,94.3990,93.7326,0.0000,0
1489.0,100.0000,94.4062,93.7412,0.0000,0
1490.0,100.0000,94.4135,93.7498,0.0000,0
1491.0,100.0000,94.4207,93.7583,0.0000,0
1492.0,100.0000,94.4279,93.7669,0.0000,0
1493.0,100.0000,94.4351,93.7754,0.0000,0
1494.0,100.0000,94.4423,93.7839,0.0000,0
1495.0,100.0000,94.4495,93.7924,0.0000,0
1496.0,100.0000,94.4566,93.8008,0.0000,0
1497.0,100.0000,94.4638,93.8093,0.0000,0
1498.0,100.0000,94.4709,93.8177,0.0000,0
1499.0,100.0000,94.4780,93.8262,0.0000,0
1500.0,100.0000,94.4851,93.8346,0.0000,0
1501.0,100.0000,94.4922,93.8429,0.0000,0
1502.0,100.0000,94.4992,93.8513,0.0000,0
1503.0,100.0000,94.5063,93.8597,0.0000,0
1504.0,100.0000,94.5133,93.8680,0.0000,0
1505.0,100.0000,94.5204,93.8763,0.0000,0
1506.0,100.0000,94.5274,93.8846,0.0000,0
1507.0,100.0000,94.5344,93.8929,0.0000,0
1508.0,100.0000,94.5414,93.9012,0.0000,0
1509.0,100.0000,94.5483,93.9094,0.0000,0
1510.0,100.0000,94.5553,93.9176,0.0000,0
1511.0,100.0000,94.5622,93.9259,0.0000,0
1512.0,100.0000,94.5692,93.9341,0.0000,0
1513.0,100.0000,94.5761,93.9422,0.0000,0
1514.0,100.0000,94.5830,93.9504,0.0000,0
1515.0,100.0000,94.5899,93.9586,0.0000,0
1516.0,100.0000,94.5967,93.9667,0.0000,0
1517.0,100.0000,94.6036,93.9748,0.0000,0
1518.0,100.0000,94.6104,93.9829,0.0000,0
1519.0,100.0000,94.6173,93.9910,0.0000,0
1520.0,100.0000,94.6241,93.9991,0.0000,0
1521.0,100.0000,94.6309,94.0071,0.0000,0
1522.0,100.0000,94.6377,94.0152,0.0000,0
1523.0,100.0000,94.6445,94.0232,0.0000,0
1524.0,100.0000,94.6512,94.0312,0.0000,0
1525.0,100.0000,94.6580,94.0392,0.0000,0
1526.0,100.0000,94.6647,94.0472,0.0000,0
1527.0,100.0000,94.6714,94.0551,0.0000,0
1528.0,100.0000,94.6781,94.0631,0.0000,0
1529.0,100.0000,94.6848,94.0710,0.0000,0
1530.0,100.0000,94.6915,94.0789,0.0000,0
1531.0,100.0000,94.6982,94.0868,0.0000,0
1532.0,100.0000,94.7049,94.0947,0.0000,0
1533.0,100.0000,94.7115,94.1026,0.0000,0
1534.0,100.0000,94.7181,94.1104,0.0000,0
1535.0,100.0000,94.7247,94.1182,0.0000,0
1536.0,100.0000,94.7314,94.1261,0.0000,0
1537.0,100.0000,94.7379,94.1339,0.0000,0
1538.0,100.0000,94.7445,94.1416,0.0000,0
1539.0,100.0000,94.7511,94.1494,0.0000,0
1540.0,100.0000,94.7576,94.1572,0.0000,0
1541.0,100.0000,94.7642,94.1649,0.0000,0
1542.0,100.0000,94.7707,94.1726,0.0000,0
1543.0,100.0000,94.7772,94.1803,0.0000,0
1544.0,100.0000,94.7837,94.1880,0.0000,0
1545.0,100.0000,94.7902,94.1957,0.0000,0
1546.0,100.0000,94.7967,94.2034,0.0000,0
1547.0,100.0000,94.8031,94.2110,0.0000,0
1548.0,100.0000,94.8096,94.2186,0.0000,0
1549.0,100.0000,94.8160,94.2263,0.0000,0
1550.0,100.0000,94.8224,94.2339,0.0000,0
1551.0,100.0000,94.8288,94.2414,0.0000,0
1552.0,100.0000,94.8352,94.2490,0.0000,0
1553.0,100.0000,94.8416,94.2566,0.0000,0
1554.0,100.0000,94.8480,94.2641,0.0000,0
1555.0,100.0000,94.8543,94.2716,0.0000,0
1556.0,100.0000,94.8607,94.2791,0.0000,0
1557.0,100.0000,94.8670,94.2866,0.0000,0
1558.0,100.0000,94.8733,94.2941,0.0000,0
1559.0,100.0000,94.8796,94.3016,0.0000,0
1560.0,100.0000,94.8859,94.3090,0.0000,0
1561.0,100.0000,94.8922,94.3165,0.0000,0
1562.0,100.0000,94.8985,94.3239,0.0000,0
1563.0,100.0000,94.9047,94.3313,0.0000,0
1564.0,100.0000,94.9110,94.3387,0.0000,0
1565.0,100.0000,94.9172,94.3461,0.0000,0
1566.0,100.0000,94.9234,94.3534,0.0000,0
1567.0,100.0000,94.9296,94.3608,0.0000,0
1568.0,100.0000,94.9358,94.3681,0.0000,0
1569.0,100.0000,94.9420,94.3754,0.0000,0
1570.0,100.0000,94.9482,94.3827,0.0000,0
1571.0,100.0000,94.9544,94.3900,0.0000,0
1572.0,100.0000,94.9605,94.3973,0.0000,0
1573.0,100.0000,94.9666,94.4045,0.0000,0
1574.0,100.0000,94.9727,94.4118,0.0000,0
1575.0,100.0000,94.9789,94.4190,0.0000,0
1576.0,100.0000,94.9850,94.4262,0.0000,0
1577.0,100.0000,94.9910,94.4334,0.0000,0
1578.0,100.0000,94.9971,94.4406,0.0000,0
1579.0,100.0000,95.0032,94.4478,0.0000,0
1580.0,100.0000,95.0092,94.4549,0.0000,0
1581.0,100.0000,95.0152,94.4621,0.0000,0
1582.0,100.0000,95.0213,94.4692,0.0000,0
1583.0,100.0000,95.0273,94.4763,0.0000,0
1584.0,100.0000,95.0333,94.4834,0.0000,0
1585.0,100.0000,95.0393,94.4905,0.0000,0
1586.0,100.0000,95.0452,94.4976,0.0000,0
1587.0,100.0000,95.0512,94.5047,0.0000,0
1588.0,100.0000,95.0572,94.5117,0.0000,0
1589.0,100.0000,95.0631,94.5187,0.0000,0
1590.0,100.0000,95.0690,94.5257,0.0000,0
1591.0,100.0000,95.0749,94.5327,0.0000,0
1592.0,100.0000,95.0808,94.5397,0.0000,0
1593.0,100.0000,95.0867,94.5467,0.0000,0
1594.0,100.0000,95.0926,94.5537,0.0000,0
1595.0,100.0000,95.0985,94.5606,0.0000,0
1596.0,100.0000,95.1043,94.5675,0.0000,0
1597.0,100.0000,95.1102,94.5745,0.0000,0
1598.0,100.0000,95.1160,94.5814,0.0000,0
1599.0,100.0000,95.1218,94.5883,0.0000,0
1600.0,100.0000,95.1276,94.5951,0.0000,0
1601.0,100.0000,95.1334,94.6020,0.0000,0
1602.0,100.0000,95.1392,94.6088,0.0000,0
1603.0,100.0000,95.1450,94.6157,0.0000,0
1604.0,100.0000,95.1508,94.6225,0.0000,0
1605.0,100.0000,95.1565,94.6293,0.0000,0
1606.0,100.0000,95.1623,94.6361,0.0000,0
1607.0,100.0000,95.1680,94.6429,0.0000,0
1608.0,100.0000,95.1737,94.6497,0.0000,0
1609.0,100.0000,95.1794,94.6564,0.0000,0
1610.0,100.0000,95.1851,94.6631,0.0000,0
1611.0,100.0000,95.1908,94.6699,0.0000,0
1612.0,100.0000,95.1965,94.6766,0.0000,0
1613.0,100.0000,95.2021,94.6833,0.0000,0
1614.0,100.0000,95.2078,94.6900,0.0000,0
1615.0,100.0000,95.2134,94.6966,0.0000,0
1616.0,100.0000,95.2190,94.7033,0.0000,0
1617.0,100.0000,95.2247,94.7100,0.0000,0
1618.0,100.0000,95.2303,94.7166,0.0000,0
1619.0,100.0000,95.2358,94.7232,0.0000,0
1620.0,100.0000,95.2414,94.7298,0.0000,0
1621.0,100.0000,95.2470,94.7364,0.0000,0
1622.0,100.0000,95.2526,94.7430,0.0000,0
1623.0,100.0000,95.2581,94.7496,0.0000,0
1624.0,100.0000,95.2636,94.7561,0.0000,0
1625.0,100.0000,95.2692,94.7627,0.0000,0
1626.0,100.0000,95.2747,94.7692,0.0000,0
1627.0,100.0000,95.2802,94.7757,0.0000,0
1628.0,100.0000,95.2857,94.7822,0.0000,0
1629.0,100.0000,95.2912,94.7887,0.0000,0
1630.0,100.0000,95.2966,94.7952,0.0000,0
1631.0,100.0000,95.3021,94.8016,0.0000,0
1632.0,100.0000,95.3075,94.8081,0.0000,0
1633.0,100.0000,95.3130,94.8145,0.0000,0
1634.0,100.0000,95.3184,94.8209,0.0000,0
1635.0,100.0000,95.3238,94.8273,0.0000,0
1636.0,100.0000,95.3292,94.8337,0.0000,0
1637.0,100.0000,95.3346,94.8401,0.0000,0
1638.0,100.0000,95.3400,94.8465,0.0000,0
1639.0,100.0000,95.3454,94.8529,0.0000,0
1640.0,100.0000,95.3508,94.8592,0.0000,0
1641.0,100.0000,95.3561,94.8655,0.0000,0
1642.0,100.0000,95.3614,94.8719,0.0000,0
1643.0,100.0000,95.3668,94.8782,0.0000,0
1644.0,100.0000,95.3721,94.8845,0.0000,0
1645.0,100.0000,95.3774,94.8908,0.0000,0
1646.0,100.0000,95.3827,94.8970,0.0000,0
1647.0,100.0000,95.3880,94.9033,0.0000,0
1648.0,100.0000,95.3933,94.9095,0.0000,0
1649.0,100.0000,95.3985,94.9158,0.0000,0
1650.0,100.0000,95.4038,94.9220,0.0000,0
1651.0,100.0000,95.4090,94.9282,0.0000,0
1652.0,100.0000,95.4143,94.9344,0.0000,0
1653.0,100.0000,95.4195,94.9406,0.0000,0
1654.0,100.0000,95.4247,94.9468,0.0000,0
1655.0,100.0000,95.4299,94.9529,0.0000,0
1656.0,100.0000,95.4351,94.9591,0.0000,0
1657.0,100.0000,95.4403,94.9652,0.0000,0
1658.0,100.0000,95.4455,94.9713,0.0000,0
1659.0,100.0000,95.4506,94.9774,0.0000,0
1660.0,100.0000,95.4558,94.9835,0.0000,0
1661.0,100.0000,95.4609,94.9896,0.0000,0
1662.0,100.0000,95.4661,94.9957,0.0000,0
1663.0,100.0000,95.4712,95.0018,0.0000,0
1664.0,100.0000,95.4763,95.0078,0.0000,0
1665.0,100.0000,95.4814,95.0138,0.0000,0
1666.0,100.0000,95.4865,95.0199,0.0000,0
1667.0,100.0000,95.4916,95.0259,0.0000,0
1668.0,100.0000,95.4966,95.0319,0.0000,0
1669.0,100.0000,95.5017,95.0379,0.0000,0
1670.0,100.0000,95.5067,95.0439,0.0000,0
1671.0,100.0000,95.5118,95.0498,0.0000,0
1672.0,100.0000,95.5168,95.0558,0.0000,0
1673.0,100.0000,95.5218,95.0617,0.0000,0
1674.0,100.0000,95.5268,95.0676,0.0000,0
1675.0,100.0000,95.5318,95.0736,0.0000,0
1676.0,100.0000,95.5368,95.0795,0.0000,0
1677.0,100.0000,95.5418,95.0854,0.0000,0
1678.0,100.0000,95.5468,95.0912,0.0000,0
1679.0,100.0000,95.5517,95.0971,0.0000,0
1680.0,100.0000,95.5567,95.1030,0.0000,0
1681.0,100.0000,95.5616,95.1088,0.0000,0
1682.0,100.0000,95.5666,95.1147,0.0000,0
1683.0,100.0000,95.5715,95.1205,0.0000,0
1684.0,100.0000,95.5764,95.1263,0.0000,0
1685.0,100.0000,95.5813,95.1321,0.0000,0
1686.0,100.0000,95.5862,95.1379,0.0000,0
1687.0,100.0000,95.5911,95.1437,0.0000,0
1688.0,100.0000,95.5959,95.1494,0.0000,0
1689.0,100.0000,95.6008,95.1552,0.0000,0
1690.0,100.0000,95.6056,95.1609,0.0000,0
1691.0,100.0000,95.6105,95.1667,0.0000,0
1692.0,100.0000,95.6153,95.1724,0.0000,0
1693.0,100.0000,95.6201,95.1781,0.0000,0
1694.0,100.0000,95.6250,95.1838,0.0000,0
1695.0,100.0000,95.6298,95.1895,0.0000,0
1696.0,100.0000,95.6346,95.1951,0.0000,0
1697.0,100.0000,95.6393,95.2008,0.0000,0
1698.0,100.0000,95.6441,95.2065,0.0000,0
1699.0,100.0000,95.6489,95.2121,0.0000,0
1700.0,100.0000,95.6536,95.2177,0.0000,0
1701.0,100.0000,95.6584,95.2233,0.0000,0
1702.0,100.0000,95.6631,95.2290,0.0000,0
1703.0,100.0000,95.6678,95.2345,0.0000,0
1704.0,100.0000,95.6726,95.2401,0.0000,0
1705.0,100.0000,95.6773,95.2457,0.0000,0
1706.0,100.0000,95.6820,95.2513,0.0000,0
1707.0,100.0000,95.6867,95.2568,0.0000,0
1708.0,100.0000,95.6913,95.2624,0.0000,0
1709.0,100.0000,95.6960,95.2679,0.0000,0
1710.0,100.0000,95.7007,95.2734,0.0000,0
1711.0,100.0000,95.7053,95.2789,0.0000,0
1712.0,100.0000,95.7100,95.2844,0.0000,0
1713.0,100.0000,95.7146,95.2899,0.0000,0
1714.0,100.0000,95.7192,95.2954,0.0000,0
1715.0,100.0000,95.7238,95.3008,0.0000,0
1716.0,100.0000,95.7284,95.3063,0.0000,0
1717.0,100.0000,95.7330,95.3117,0.0000,0
1718.0,100.0000,95.7376,95.3172,0.0000,0
1719.0,100.0000,95.7422,95.3226,0.0000,0
1720.0,100.0000,95.7468,95.3280,0.0000,0
1721.0,100.0000,95.7513,95.3334,0.0000,0
1722.0,100.0000,95.7559,95.3388,0.0000,0
1723.0,100.0000,95.7604,95.3441,0.0000,0
1724.0,100.0000,95.7650,95.3495,0.0000,0
1725.0,100.0000,95.7695,95.3549,0.0000,0
1726.0,100.0000,95.7740,95.3602,0.0000,0
1727.0,100.0000,95.7785,95.3655,0.0000,0
1728.0,100.0000,95.7830,95.3709,0.0000,0
1729.0,100.0000,95.7875,95.3762,0.0000,0
1730.0,100.0000,95.7920,95.3815,0.0000,0
1731.0,100.0000,95.7964,95.3868,0.0000,0
1732.0,100.0000,95.8009,95.3920,0.0000,0
1733.0,100.0000,95.8053,95.3973,0.0000,0
1734.0,100.0000,95.8098,95.4026,0.0000,0
1735.0,100.0000,95.8142,95.4078,0.0000,0
1736.0,100.0000,95.8186,95.4131,0.0000,0
1737.0,100.0000,95.8231,95.4183,0.0000,0
1738.0,100.0000,95.8275,95.4235,0.0000,0
1739.0,100.0000,95.8319,95.4287,0.0000,0
1740.0,100.0000,95.8363,95.4339,0.0000,0
1741.0,100.0000,95.8406,95.4391,0.0000,0
1742.0,100.0000,95.8450,95.4443,0.0000,0
1743.0,100.0000,95.8494,95.4494,0.0000,0
1744.0,100.0000,95.8537,95.4546,0.0000,0
1745.0,100.0000,95.8581,95.4597,0.0000,0
1746.0,100.0000,95.8624,95.4649,0.0000,0
1747.0,100.0000,95.8667,95.4700,0.0000,0
1748.0,100.0000,95.8711,95.4751,0.0000,0
1749.0,100.0000,95.8754,95.4802,0.0000,0
1750.0,100.0000,95.8797,95.4853,0.0000,0
1751.0,100.0000,95.8840,95.4904,0.0000,0
1752.0,100.0000,95.8883,95.4954,0.0000,0
1753.0,100.0000,95.8925,95.5005,0.0000,0
1754.0,100.0000,95.8968,95.5056,0.0000,0
1755.0,100.0000,95.9011,95.5106,0.0000,0
1756.0,100.0000,95.9053,95.5156,0.0000,0
1757.0,100.0000,95.9096,95.5207,0.0000,0
1758.0,100.0000,95.9138,95.5257,0.0000,0
1759.0,100.0000,95.9180,95.5307,0.0000,0
1760.0,100.0000,95.9222,95.5357,0.0000,0
1761.0,100.0000,95.9264,95.5406,0.0000,0
1762.0,100.0000,95.9306,95.5456,0.0000,0
1763.0,100.0000,95.9348,95.5506,0.0000,0
1764.0,100.0000,95.9390,95.5555,0.0000,0
1765.0,100.0000,95.9432,95.5605,0.0000,0
1766.0,100.0000,95.9474,95.5654,0.0000,0
1767.0,100.0000,95.9515,95.5703,0.0000,0
1768.0,100.0000,95.9557,95.5752,0.0000,0
1769.0,100.0000,95.9598,95.5801,0.0000,0
1770.0,100.0000,95.9639,95.5850,0.0000,0
1771.0,100.0000,95.9681,95.5899,0.0000,0
1772.0,100.0000,95.9722,95.5948,0.0000,0
1773.0,100.0000,95.9763,95.5997,0.0000,0
1774.0,100.0000,95.9804,95.6045,0.0000,0
1775.0,100.0000,95.9845,95.6094,0.0000,0
1776.0,100.0000,95.9886,95.6142,0.0000,0
1777.0,100.0000,95.9927,95.6190,0.0000,0
1778.0,100.0000,95.9967,95.6238,0.0000,0
1779.0,100.0000,96.0008,95.6286,0.0000,0
1780.0,100.0000,96.0048,95.6334,0.0000,0
1781.0,100.0000,96.0089,95.6382,0.0000,0
1782.0,100.0000,96.0129,95.6430,0.0000,0
1783.0,100.0000,96.0169,95.6478,0.0000,0
1784.0,100.0000,96.0210,95.6525,0.0000,0
1785.0,100.0000,96.0250,95.6573,0.0000,0
1786.0,100.0000,96.0290,95.6620,0.0000,0
1787.0,100.0000,96.0330,95.6667,0.0000,0
1788.0,100.0000,96.0370,95.6715,0.0000,0
1789.0,100.0000,96.0409,95.6762,0.0000,0
1790.0,100.0000,96.0449,95.6809,0.0000,0
1791.0,100.0000,96.0489,95.6856,0.0000,0
1792.0,100.0000,96.0528,95.6902,0.0000,0
1793.0,100.0000,96.0568,95.6949,0.0000,0
1794.0,100.0000,96.0607,95.6996,0.0000,0
1795.0,100.0000,96.0647,95.7042,0.0000,0
1796.0,100.0000,96.0686,95.7089,0.0000,0
1797.0,100.0000,96.0725,95.7135,0.0000,0
1798.0,100.0000,96.0764,95.7181,0.0000,0
1799.0,100.0000,96.0803,95.7228,0.0000,0
